entity_name,bf_match_count,bf_first_result_name,bf_entity_number,bf_status,bf_entity_type,bf_formation_date,bf_jurisdiction,bf_agent_name,bf_agent_type,bf_agent_is_individual,bf_agent_address,bf_principal_address,bf_mailing_address,bf_statement_due_date,bf_inactive_date,bf_standing_sos,bf_standing_ftb,bf_standing_agent,bf_standing_vcfcf,bf_agent_address_matches_principal,bf_likely_owner_name,bf_operator_pattern,bf_multi_entity_operator,bf_query_used,bf_query_attempts,bf_name_similarity,bf_score,bf_alternates,bf_fetched_at,bf_error
"California Food Management, Llc",1,"CALIFORNIA FOOD MANAGEMENT, LLC (201021810240)",201021810240,Active,Limited Liability Company - CA,08/05/2010,CALIFORNIA,MASOUD MICHAEL AMINPOUR,Individual,True,"6404 WILSHIRE BLVD #999, LOS ANGELES, CA  90048","8306 WILSHIRE BLVD #5002, BEVERLY HILLS, CA 90211","8306 WILSHIRE BLVD #5002, BEVERLY HILLS,CA90211",08/31/2028,,Good,Good,Good,Good,False,MASOUD MICHAEL AMINPOUR (no addr match),individual_agent_offsite,,"California Food Management, Llc",,1.000,,,2026-04-24T11:16:24.208966+00:00,
Rbd California Restaurants Limited,1,RBD CALIFORNIA RESTAURANTS LIMITED (4537797),4537797,Active,Stock Corporation - CA - General,12/18/2019,CALIFORNIA,"GKL CORPORATE/SEARCH, INC.",1505 Corporation,False,,"13191 CROSSROADS PARKWAY NORTH, SUITE 175, CITY OF INDUSTRY, CA 91746","13191 CROSSROADS PARKWAY NORTH, SUITE 175, CITY OF INDUSTRY,CA91746",12/31/2026,,Good,Good,Good,Good,,,service_agent,,Rbd California Restaurants Limited,,1.000,,,2026-04-24T11:16:39.402400+00:00,
"Wingmen V, Llc",1,"WINGMEN V, LLC (201300910189)",201300910189,Active,Limited Liability Company - Out of State,12/03/2012,WASHINGTON,C T CORPORATION SYSTEM,1505 Corporation,False,,"111 WEST 39TH ST, VANCOUVER, WA 98660","111 WEST 39TH ST, VANCOUVER,WA98660",12/31/2026,,Good,Good,Good,Good,,,service_agent,,"Wingmen V, Llc",,1.000,,,2026-04-24T11:16:48.251957+00:00,
"Southern Pacpizza, Llc",2,"SOUTHERN PACPIZZA, LLC (201234110028)",201234110028,,,,,,Individual,True,AGENT RESIGNED OR INVALID,"950 THIRD AVE 24TH FL, NEW YORK, NY 10022","950 THIRD AVE 24TH FL, NEW YORK,NY10022",,09/28/2016,Good,Good,Not Good,Good,False,,unknown,,"Southern Pacpizza, Llc",,1.000,,,2026-04-24T11:31:18.759126+00:00,
Apple Socal Ii Llc,1,APPLE SOCAL II LLC (201426610244),201426610244,Active,Limited Liability Company - Out of State,09/22/2014,DELAWARE,CSC - LAWYERS INCORPORATING SERVICE,1505 Corporation,False,,"225 BUSH STREET STE 1800, SAN FRANCISCO, CA 94104","6200 OAK TREE BLVD STE 250, INDEPENDENCE,OH44131",09/30/2026,,Good,Good,Good,Good,,,service_agent,shared_principal_address:2,Apple Socal Ii Llc,,1.000,,,2026-04-24T11:31:53.992889+00:00,
"Whirld Concepts, Inc.",1,"WHIRLD CONCEPTS, INC. (3579500)",3579500,Active,Stock Corporation - CA - General,06/19/2013,CALIFORNIA,HOLDEN W STEIN,Individual,True,"111 SUTTER ST., STE 1975, SAN FRANCISCO, CA  94104","1671 E MONTE VISTA AVE, STE 201, VACAVILLE, CA 95688","1671 E MONTE VISTA AVE, STE 201, VACAVILLE,CA95688",06/30/2026,,Good,Good,Good,Good,False,HOLDEN W STEIN (no addr match),individual_agent_offsite,,"Whirld Concepts, Inc.",,1.000,,,2026-04-24T11:32:54.842565+00:00,
Apple Mid Cal Ii Llc,2,APPLE MID CAL II LLC (201335410169),201335410169,Active,Limited Liability Company - Out of State,12/19/2013,DELAWARE,CSC - LAWYERS INCORPORATING SERVICE,1505 Corporation,False,,"6200 OAK TREE BLVD, SUITE 250, INDEPENDENCE, OH 44131","6200 OAK TREE BLVD, SUITE 250, INDEPENDENCE,OH44131",12/31/2027,,Good,Good,Good,Good,,,service_agent,,Apple Mid Cal Ii Llc,,1.000,,,2026-04-24T11:33:03.151565+00:00,
"Quikserve Restaurants, Inc",1,"QUIKSERVE RESTAURANTS, INC (4324597)",4324597,Active,Stock Corporation - Out of State - Stock,10/07/2019,MISSOURI,HARSHRAJ GHAI,Individual,True,"550 BOGUE ROAD, YUBA CITY, CA  95991","550 BOGUE ROAD, YUBA CITY, CA 95991","25 E AIRWAY BLVD, LIVERMORE,CA94551",10/31/2026,,Good,Good,Good,Good,True,HARSHRAJ GHAI,out_of_state_holdco,,"Quikserve Restaurants, Inc",,1.000,,,2026-04-24T11:33:14.824679+00:00,
"Hotcakes Saturn Boulevard, Inc.",1,"HOTCAKES SATURN BOULEVARD, INC. (3790809)",3790809,Active,Stock Corporation - CA - General,05/26/2015,CALIFORNIA,MICHAEL ALLEN,Individual,True,"4510 E PACIFIC COAST HWY, STE 290, LONG BEACH, CA  90804","615 SATURN BLVD, SAN DIEGO, CA 92154","4510 E PACIFIC COAST HWY, STE 290, LONG BEACH,CA90804",05/31/2027,,Good,Good,Good,Good,False,MICHAEL ALLEN (no addr match),individual_agent_offsite,,"Hotcakes Saturn Boulevard, Inc.",,1.000,,,2026-04-24T11:33:48.646451+00:00,
"Calpac Pizza Ii, Llc",1,"CALPAC PIZZA II, LLC (201206010022)",201206010022,Active,Limited Liability Company - Out of State,02/28/2012,DELAWARE,BRIAN THOMPSON,Individual,True,"220 PORTER DRIVE #100, SAN RAMON, CA  94583","220 PORTER DRIVE STE 100, SAN RAMON, CA 94583","220 PORTER DR STE 100, SAN RAMON,CA94583",02/28/2028,,Good,Good,Good,Good,True,BRIAN THOMPSON,out_of_state_holdco,,"Calpac Pizza Ii, Llc",,1.000,,,2026-04-24T11:36:29.519301+00:00,
"Argonaut California Ventures, Inc.",1,"ARGONAUT CALIFORNIA VENTURES, INC. (3571990)",3571990,Active,Stock Corporation - CA - General,05/16/2013,CALIFORNIA,C T CORPORATION SYSTEM,1505 Corporation,False,,"4509 S 6TH, SUITE 209, KLAMATH FALLS, OR 97603","PO BOX 2650, KLAMATH FALLS,OR97601",05/31/2026,,Good,Good,Good,Good,,,service_agent,,"Argonaut California Ventures, Inc.",,1.000,,,2026-04-24T11:36:39.610297+00:00,
Apple Norcal Llc,1,APPLE NORCAL LLC (200529310234),200529310234,Active,Limited Liability Company - Out of State,10/18/2005,DELAWARE,CSC - LAWYERS INCORPORATING SERVICE,1505 Corporation,False,,"225 BUSH STREET SUITE 1800, SAN FRANCISCO, CA 94104","6200 OAK TREE BLVD., SUITE 250, INDEPENDENCE,OH44131",10/31/2027,,Good,Good,Good,Good,,,service_agent,shared_principal_address:2,Apple Norcal Llc,,1.000,,,2026-04-24T11:37:08.218576+00:00,
"Socal Pizza Holdings, Llc",1,"SOCAL PIZZA HOLDINGS, LLC (201634210112)",201634210112,Active,Limited Liability Company - Out of State,11/30/2016,DELAWARE,CSC - LAWYERS INCORPORATING SERVICE,1505 Corporation,False,,"770 THE CITY DRIVE SOUTH, 8000, ORANGE, CA 92868","770 THE CITY DRIVE SOUTH, 8000, ORANGE,CA92868",11/30/2026,,Good,Good,Good,Good,,,service_agent,,"Socal Pizza Holdings, Llc",,1.000,,,2026-04-24T11:37:49.066802+00:00,
"Zna Foods, Inc.",1,"ZNA FOODS, INC. (4006996)",4006996,Active,Stock Corporation - Out of State - Stock,03/22/2017,NEVADA,NAREG AMIRIAN,Individual,True,"320 E. HARVARD ST, GLENDALE, CA  91205","320 E. HARVARD ST, GLENDALE, CA 91205","320 E. HARVARD ST, GLENDALE,CA91205",03/31/2027,,Good,Good,Good,Good,True,NAREG AMIRIAN,out_of_state_holdco,shared_principal_address:2; shared_agent:2,"Zna Foods, Inc.",,1.000,,,2026-04-24T11:38:01.306744+00:00,
"California Cajun Eats, Llc",1,"CALIFORNIA CAJUN EATS, LLC (202120410895)",202120410895,Active,Limited Liability Company - Out of State,07/21/2021,DELAWARE,COGENCY GLOBAL INC.,1505 Corporation,False,,"41760 IVY STREET SUITE 201, MURRIETA, CA 92562","41760 IVY STREET SUITE 201, MURRIETA,CA92562",07/31/2027,,Good,Good,Good,Good,,,service_agent,,"California Cajun Eats, Llc",,1.000,,,2026-04-24T11:38:09.867873+00:00,
"Milton Group, Inc.",3,"MILTON GROUP, INC. (3192479)",3192479,Active,Stock Corporation - CA - General,03/17/2009,CALIFORNIA,NAREG AMIRIAN,Individual,True,"320 E. HARVARD ST, GLENDALE, CA  91205","320 E. HARVARD ST, GLENDALE, CA 91205","320 E. HARVARD ST, GLENDALE,CA91205",03/31/2027,,Good,Good,Good,Good,True,NAREG AMIRIAN,owner_operator,shared_principal_address:2; shared_agent:2,"Milton Group, Inc.",,1.000,,,2026-04-24T11:38:24.671248+00:00,
"One Whirld, Inc.",1,"ONE WHIRLD, INC. (3617174)",3617174,Active,Stock Corporation - CA - General,11/07/2013,CALIFORNIA,CALIFORNIA REGISTERED AGENT INC,1505 Corporation,False,,"220 S LIVERMORE AVE, #2149, LIVERMORE, CA 94550","220 S LIVERMORE AVE, #2149, LIVERMORE,CA94550",11/30/2026,,Good,Good,Good,Good,,,service_agent,,"One Whirld, Inc.",,1.000,,,2026-04-24T11:38:34.495492+00:00,
"Apple Ab Enterprises, Inc.",1,"APPLE AB ENTERPRISES, INC. (2714914)",2714914,Active,Stock Corporation - CA - General,12/24/2004,CALIFORNIA,siyavoush soleimani,Individual,True,"7006 W SUNSET BLVD, HOLLYWOOD, CA  90028","7006 W SUNSET BLVD, HOLLYWOOD, CA 90028","7006 W SUNSET BLVD, HOLLYWOOD,CA90028",12/31/2026,,Good,Good,Good,Good,True,siyavoush soleimani,owner_operator,,"Apple Ab Enterprises, Inc.",,1.000,,,2026-04-24T11:38:42.147080+00:00,
"Valley Juice Alameda, Llc",1,"VALLEY JUICE ALAMEDA, LLC (201814910027)",201814910027,Suspended - FTB,Limited Liability Company - CA,05/18/2018,CALIFORNIA,Dwayne Pizza REDMON,Individual,True,"6800 KOLL CENTER PARKWAY #100, PEASANTON, CA  94566","6800 KOLL CENTER PARKWAY #100, PLEASANTON, CA 94566","6800 KOLL CENTER PARKWAY #100, PLEASANTON,CA94566",05/31/2026,05/01/2025,Good,Not Good,Good,Good,True,Dwayne Pizza REDMON,owner_operator,,"Valley Juice Alameda, Llc",,1.000,,,2026-04-24T11:39:00.709239+00:00,
Juicecrafters Inc.,1,JuiceCrafters Inc. (5556235),5556235,Active,Stock Corporation - CA - General,03/07/2023,CALIFORNIA,WALEED MANSOUR,Individual,True,"2323 WEST MANCHASTER BLVD, 2ND FLOOR SUITE E, INGLEWOOD, CA  90305","2323 WEST MANCHASTER BLVD, 2ND FLOOR SUITE E, INGLEWOOD, CA 90305","2323 WEST MANCHASTER BLVD, 2ND FLOOR SUITE E, INGLEWOOD,CA90305",03/31/2027,,Good,Good,Good,Good,True,WALEED MANSOUR,owner_operator,,Juicecrafters Inc.,,1.000,,,2026-04-24T11:39:10.997869+00:00,
"Socal South Oc, Llc",2,"SOCAL SOUTH OC, LLC (201534410119)",201534410119,Terminated,Limited Liability Company - CA,12/10/2015,CALIFORNIA,JEFF GEDDES,Individual,True,"1 CITY BLVD WEST STE 750, ORANGE, CA  92868","1 CITY BLVD WEST STE 750, ORANGE, CA 92868","1 CITY BLVD WEST STE 750, ORANGE,CA92868",,12/14/2015,Good,Good,Good,Good,True,JEFF GEDDES,owner_operator,,"Socal South Oc, Llc",,1.000,,,2026-04-24T11:39:19.655254+00:00,
"Fresh Squeezed Akash, Llc",1,"FRESH SQUEEZED AKASH, LLC (201922610336)",201922610336,Active,Limited Liability Company - CA,08/08/2019,CALIFORNIA,DAVID N BUFFINGTON,Individual,True,"716 CORPORATE CENTER DR, POMONA, CA  91768","716 CORPORATE CENTER DR, POMONA, CA 91768","716 CORPORATE CENTER DR, POMONA,CA91768",08/31/2025,,Good,Good,Good,Good,True,DAVID N BUFFINGTON,owner_operator,,"Fresh Squeezed Akash, Llc",,1.000,,,2026-04-24T11:39:56.090898+00:00,
"Noble Pursuit, Llc",1,"NOBLE PURSUIT, LLC (201711110515)",201711110515,Active,Limited Liability Company - Out of State,04/13/2017,DELAWARE,Fernando Gonzalez,Individual,True,"1077 S. MISSION RD, FALLBROOK, CA  92028","3801BAYSHORE BLVD NE, ST. PETERSBURG, FL 33703","3801 BAYSHORE BLVD NE, ST. PETERSBURG,FL33703",04/30/2027,,Good,Good,Good,Good,False,Fernando Gonzalez (no addr match),out_of_state_holdco,,"Noble Pursuit, Llc",,1.000,,,2026-04-24T11:40:48.822279+00:00,
"Fried With Pride, Inc.",1,"FRIED WITH PRIDE, INC. (4573230)",4573230,Active,Stock Corporation - CA - General,02/27/2020,CALIFORNIA,JEFF BAKER,Individual,True,"10 CALLE FRUTAS, SAN CLEMENTE, CA  92673","10 CALLE FRUTAS, SAN CLEMENTE, CA 92673","10 CALLE FRUTAS, SAN CLEMENTE,CA92673",02/28/2026,,Good,Good,Good,Good,True,JEFF BAKER,owner_operator,,"Fried With Pride, Inc.",,1.000,,,2026-04-24T11:41:09.225752+00:00,
J. F. Desmond Family Limited Partnership,1,J.F. DESMOND FAMILY LIMITED PARTNERSHIP (199329400006),199329400006,Active,Limited Partnership - CA,10/20/1993,CALIFORNIA,LOREAN HAUPT,Individual,True,"312 WEST CROMWELL AVE, FRESNO, CA  93711","312 W. CROMWELL STREET, FRESNO, CA 93711",N/A,,,,Good,Good,,True,LOREAN HAUPT,owner_operator,,J. F. Desmond Family Limited Partnership,,1.000,,,2026-04-24T11:41:20.607143+00:00,
"E.M. Thomas Management, Inc.",1,"E.M. THOMAS MANAGEMENT, INC. (1322349)",1322349,Active,Stock Corporation - CA - General,10/29/1984,CALIFORNIA,IMRAN AHMED,Individual,True,"177 BUSINESS CENTER DR, CORONA, CA  92878","177 BUSINESS CENTER DR, CORONA, CA 92878","177 BUSINESS CENTER DR, CORONA,CA92878",10/31/2026,,Good,Good,Good,Good,True,IMRAN AHMED,owner_operator,,"E.M. Thomas Management, Inc.",,1.000,,,2026-04-24T11:41:43.347607+00:00,
"Shahs Of Shiraz, Inc",1,"SHAHS OF SHIRAZ, INC. (3703468)",3703468,Active,Stock Corporation - CA - General,08/22/2014,CALIFORNIA,NASSER ALIABADI,Individual,True,"7011 KOLL CENTER PKWY, #150, PLEASANTON, CA  94566","7011 KOLL CENTER PKWY, #150, PLEASANTON, CA 94566","7011 KOLL CENTER PKWY, #150, PLEASANTON,CA94566",08/31/2026,,Good,Good,Good,Good,True,NASSER ALIABADI,owner_operator,shared_principal_address:2; shared_agent:2,"Shahs Of Shiraz, Inc",,1.000,,,2026-04-24T11:41:52.623758+00:00,
"Slo Life Company, Llc",1,"SLO LIFE COMPANY, LLC (200715010335)",200715010335,Active,Limited Liability Company - CA,04/30/2007,CALIFORNIA,JEFFREY S. OLDS,Individual,True,"446 PRINTZ ROAD, ARROYO GRANDE, CA  93420","446 PRINTZ ROAD, ARROYO GRANDE, CA 93420","PO BOX 489, ARROYO GRANDE,CA93421",04/30/2027,,Good,Good,Good,Good,True,JEFFREY S. OLDS,owner_operator,,"Slo Life Company, Llc",,1.000,,,2026-04-24T11:42:28.153977+00:00,
"Kentucky Fried Chicken Of Polly'S, Inc.",1,"KENTUCKY FRIED CHICKEN OF POLLY'S, INC. (1162145)",1162145,Active,Stock Corporation - CA - General,11/10/1982,CALIFORNIA,J. Michael Cardinal,Individual,True,"1150 E. ORANGETHORPE AVENUE, SUITE 101, PLACENTIA, CA  92870","1150 E. ORANGETHORPE AVENUE, SUITE 101, PLACENTIA, CA 92870","1150 E. ORANGETHORPE AVENUE, SUITE 101, PLACENTIA,CA92870",11/30/2026,,Good,Good,Good,Good,True,J. Michael Cardinal,owner_operator,,"Kentucky Fried Chicken Of Polly'S, Inc.",,1.000,,,2026-04-24T11:42:41.667957+00:00,
"Summit Pizza West, Llc(1)",1,"SUMMIT PIZZA WEST, LLC (201022410022)",201022410022,Active,Limited Liability Company - CA,08/11/2010,CALIFORNIA,GLEN R SEGAL,Individual,True,"19800 MACARTHUR BLVD., STE 1000, IRVINE, CA  92612","600 NW MOCK AVE, BLUE SPRINGS, MO 64014-2412","600 NW MOCK AVE, BLUE SPRINGS,MO64014-2412",08/31/2026,,Good,Good,Good,Good,False,GLEN R SEGAL (no addr match),individual_agent_offsite,,"Summit Pizza West, Llc",,1.000,,,2026-04-24T12:12:46.851420+00:00,
"Tripart Management Ii, Inc. (Rakesh Kumar, Sunil Kumar, Jose Garzona)",1,"TRIPART MANAGEMENT II, INC. (4050800)",4050800,Active,Stock Corporation - CA - General,07/28/2017,CALIFORNIA,MICHAEL J NOLAND,Individual,True,"219 N DOUTY ST, HANFORD, CA  93230","1118 CHESS DRIVE, FOSTER CITY, CA 94404-1103","1118 CHESS DRIVE, FOSTER CITY,CA94404-1103",07/31/2026,,Good,Good,Good,Good,False,MICHAEL J NOLAND (no addr match),individual_agent_offsite,,"Tripart Management Ii, Inc.",,1.000,,,2026-04-24T12:18:08.135850+00:00,
Golden Gate Grills Inc. (James Khan And Billal Khan),1,GOLDEN GATE GRILLS INC (4273703),4273703,Active,Stock Corporation - CA - General,05/03/2019,CALIFORNIA,JAMES KHAN,Individual,True,"5220 DOLCETTO WAY, SALIDA, CA  95368","5220 DOLCETTO WAY, SALIDA, CA 95368","5220 DOLCETTO WAY, SALIDA,CA95368",05/31/2026,,Good,Good,Good,Good,True,JAMES KHAN,owner_operator,,Golden Gate Grills Inc.,,1.000,,,2026-04-24T12:18:53.728250+00:00,
Canadian Guys Burgers Limited (Joseph Dand And Mike Lipinski),1,CANADIAN GUYS BURGERS LIMITED (4183767),4183767,Active,Stock Corporation - CA - General,08/15/2018,CALIFORNIA,JOSEPH E PELOCHINO,Individual,True,"12800 CENTER COURT DRIVE S, STE 300, CERRITOS, CA  90703","40426 WINCHESTER RD, TEMECULA, CA 92591-5502","40426 WINCHESTER RD, TEMECULA,CA92591-5502",08/31/2025,,Good,Good,Good,Good,False,JOSEPH E PELOCHINO (no addr match),individual_agent_offsite,,Canadian Guys Burgers Limited,,1.000,,,2026-04-24T12:19:27.695919+00:00,
"Mt Food Group, Llc",22,MT&Y ORIENTAL FOOD MARKET (4838032),4838032,Active,Stock Corporation - CA - General,01/22/2022,CALIFORNIA,DEWTIAN  YANG,Individual,True,"615 W MURRAY AVE, VISALIA, CA  93291","615 W. MURRAY AVE, VISALIA, CA 93291","615 W. MURRAY AVE, VISALIA,CA93291",01/31/2023,,Good,Good,Good,Good,True,DEWTIAN  YANG,owner_operator,,mt food,"Mt Food Group, Llc | Mt Food Group | mt food",0.333,141.39,"[{""name"": ""MTAPKL FOOD LLC (202565711783)"", ""num"": ""202565711783"", ""status"": ""Active"", ""score"": 134.17}, {""name"": ""MTC FOODS INC. (4015920)"", ""num"": ""4015920"", ""status"": ""Active"", ""score"": 106.32}, {""name"": ""MTBG FOODS, INC. (3736368)"", ""num"": ""3736368"", ""status"": ""Active"", ""score"": 105.47}, {""name"": ""MTB FOODS INC. (3650047)"", ""num"": ""3650047"", ""status"": ""Active"", ""score"": 105.17}, {""name"": ""MT. VIEW FOOD CENTERS, INC. (353476)"", ""num"": ""353476"", ""status"": ""Suspended - FTB"", ""score"": 44.77}]",2026-04-27T07:23:15.871363+00:00,
"Vitaligent-Norcal, Llc",1,"VITALIGENT - NORCAL, LLC (201511710069)",201511710069,Active,Limited Liability Company - Out of State,04/24/2015,DELAWARE,"NATIONAL REGISTERED AGENTS, INC.",1505 Corporation,False,,"348 E WINCHESTER STREET, MURRAY, UT 84107","348 E WINCHESTER STREET, MURRAY,UT84107",04/30/2027,,Good,Good,Good,Good,,,service_agent,shared_principal_address:2,vitaligent norcal,"Vitaligent-Norcal, Llc | Vitaligent-Norcal | vitaligent norcal",1.000,175.59,,2026-04-27T07:24:13.895485+00:00,
"Quantum Restaurants, Llc",0,,,,,,,,,,,,,,,,,,,,,unknown,,"Quantum Restaurants, Llc","Quantum Restaurants, Llc | Quantum Restaurants",,,,2026-04-27T07:25:06.815578+00:00,
"Gh Food Group Colorado, Llc",13,"GH FOOD MART,INC. (2617193)",2617193,Active,Stock Corporation - CA - General,07/02/2004,CALIFORNIA,TIMOTHY HUBBELL,Individual,True,"1601 F STREET, SUITE 100, BAKERSFIELD, CA  93301","14314 COUNTY LINE RD, DELANO, CA 93215","14314 COUNTY LINE RD, DELANO,CA93215",07/31/2026,,Good,Good,Good,Good,False,TIMOTHY HUBBELL (no addr match),individual_agent_offsite,,gh food,"Gh Food Group Colorado, Llc | Gh Food Group Colorado | gh food colorado | gh food",0.400,141.64,"[{""name"": ""GH FAMILY FOODS LLC (202463417569)"", ""num"": ""202463417569"", ""status"": ""Active"", ""score"": 125.66}, {""name"": ""GHETTO KITCHEN SOUL FOOD LLC (202565415277)"", ""num"": ""202565415277"", ""status"": ""Active"", ""score"": 123.44}, {""name"": ""GHETTO GRUB SOUL FOOD L.L.C. (202464810691)"", ""num"": ""202464810691"", ""status"": ""Active"", ""score"": 123.39}, {""name"": ""GH FOODS CA, LLC (200734610085)"", ""num"": ""200734610085"", ""status"": ""Active"", ""score"": 119.57}, {""name"": ""Ghost Town Foods, LLC (202462612633)"", ""num"": ""202462612633"", ""status"": ""Active"", ""score"": 108.93}]",2026-04-27T07:25:55.790464+00:00,
Hut Rocky Mountain Llc,0,,,,,,,,,,,,,,,,,,,,,unknown,,Hut Rocky Mountain Llc,Hut Rocky Mountain Llc | Hut Rocky Mountain | hut rocky,,,,2026-04-27T07:27:12.139600+00:00,
Jsc New England Operating Llc,1,NEWLAND INVESTMENT DEVELOPMENT JSC (4174542),4174542,Suspended - FTB/SOS,Stock Corporation - CA - General,07/20/2018,CALIFORNIA,TOT  LA,Individual,True,"105 BRIAR ROSE, IRVINE, CA  92618","105 BRIAR ROSE, IRVINE, CA 92618","105 BRIAR ROSE, IRVINE,CA92618",07/31/2020,07/27/2021,Not Good,Not Good,Good,Good,True,TOT  LA,owner_operator,,jsc new,Jsc New England Operating Llc | Jsc New England Operating | jsc new england | jsc new,0.143,41.06,,2026-04-27T07:28:22.895388+00:00,
"Se Co-Brand Ventures, Llc",229,Selani Brand LLC (202464417919),202464417919,Active,Limited Liability Company - CA,11/04/2024,CALIFORNIA,ZENBUSINESS INC.,1505 Corporation,False,,"150 10TH STREET, 9, HERMOSA BEACH, CA 90254","150 10TH STREET, 9, HERMOSA BEACH,CA90254",11/30/2026,,Good,Good,Good,Good,,,service_agent,,se brand,"Se Co-Brand Ventures, Llc | Se Co-Brand Ventures | se brand",0.250,134.07,"[{""name"": ""SE7EN BRAND (5985948)"", ""num"": ""5985948"", ""status"": ""Active"", ""score"": 133.72}, {""name"": ""Self Brand LLC (202356816738)"", ""num"": ""202356816738"", ""status"": ""Active"", ""score"": 133.52}, {""name"": ""Seekrs Brand LLC (202252018546)"", ""num"": ""202252018546"", ""status"": ""Active"", ""score"": 133.27}, {""name"": ""BRAND SEEN LLC (202029010220)"", ""num"": ""202029010220"", ""status"": ""Active"", ""score"": 132.59}, {""name"": ""SeeK Market & Brand LLC (202463713001)"", ""num"": ""202463713001"", ""status"": ""Active"", ""score"": 129.01}]",2026-04-27T07:29:39.331791+00:00,
"Vitaligent-East Bay, Llc",1,"VITALIGENT - EAST BAY, LLC (201511710058)",201511710058,Active,Limited Liability Company - Out of State,04/24/2015,DELAWARE,"NATIONAL REGISTERED AGENTS, INC.",1505 Corporation,False,,"348 E WINCHESTER STREET, MURRAY, UT 84107","348 E WINCHESTER STREET, MURRAY,UT84107",04/30/2027,,Good,Good,Good,Good,,,service_agent,shared_principal_address:2,vitaligent east bay,"Vitaligent-East Bay, Llc | Vitaligent-East Bay | vitaligent east bay",1.000,175.59,,2026-04-27T07:30:34.446550+00:00,
Premium Loaves Colorado Llc,0,,,,,,,,,,,,,,,,,,,,,unknown,,Premium Loaves Colorado Llc,Premium Loaves Colorado Llc | Premium Loaves Colorado | premium loaves,,,,2026-04-27T07:31:28.782010+00:00,
Hut Dakotas Llc,0,,,,,,,,,,,,,,,,,,,,,unknown,,Hut Dakotas Llc,Hut Dakotas Llc | Hut Dakotas,,,,2026-04-27T07:32:38.671625+00:00,
Apple Colorado Llc,0,,,,,,,,,,,,,,,,,,,,,unknown,,Apple Colorado Llc,Apple Colorado Llc | Apple Colorado,,,,2026-04-27T07:33:25.271883+00:00,
"The Cinnamon Bums, Inc.",0,,,,,,,,,,,,,,,,,,,,,unknown,,"The Cinnamon Bums, Inc.","The Cinnamon Bums, Inc. | The Cinnamon Bums, Inc | The Cinnamon Bums | cinnamon bums",,,,2026-04-27T07:34:13.554989+00:00,
"Isha Investments, Inc.",4,"ISHA INVESTMENTS, INC. (2593949)",2593949,Active,Stock Corporation - CA - General,02/24/2006,CALIFORNIA,PINAL J. SITARAM,Individual,True,"26883 AUBRIETA ST., MURRIETA, CA  92562","40484 MURRIETA HOT SPRINGS RD., STE 104, MURRIETA, CA 92563","27890 CLINTON KEITH RD., D#490, MURRIETA,CA92562",02/28/2027,,Good,Good,Good,Good,False,PINAL J. SITARAM (no addr match),individual_agent_offsite,,"Isha Investments, Inc.","Isha Investments, Inc.",1.000,202.25,"[{""name"": ""ISHAR INVESTMENTS, INC. (2252943)"", ""num"": ""2252943"", ""status"": ""Active"", ""score"": 133.53}, {""name"": ""ISHA INVESTMENTS HEMET, INC. (3093184)"", ""num"": ""3093184"", ""status"": ""Suspended - FTB/SOS"", ""score"": 89.65}, {""name"": ""ISHAR II INVESTMENTS, INC. (3169911)"", ""num"": ""3169911"", ""status"": ""Terminated"", ""score"": -71.74}]",2026-04-27T07:35:47.256320+00:00,
Marble Usa Inc.,10,MARBLE USA INC (3357336),3357336,Active,Stock Corporation - CA - General,02/04/2011,CALIFORNIA,BRUCE M O'BRIEN,Individual,True,"401 WEST A STREET, SUITE 2600, SAN DIEGO, CA  92101","Canada, SUITE 206, 2920 CALGARY TRAIL, EDMONTON, ALBERTA T6J 7C2","Canada, SUITE 206, 2920 CALGARY TRAIL, EDMONTON,ALBERTAT6J 7C2",02/28/2027,,Good,Good,Good,Good,False,BRUCE M O'BRIEN (no addr match),individual_agent_offsite,,Marble Usa Inc.,Marble Usa Inc.,1.000,204.05,"[{""name"": ""USA MARBLE & GRANITE, INC. (3840717)"", ""num"": ""3840717"", ""status"": ""Active"", ""score"": 172.45}, {""name"": ""MARBLE & TILE USA, INC. (2158798)"", ""num"": ""2158798"", ""status"": ""Active"", ""score"": 166.31}, {""name"": ""NEO HI MARBLE & GRANITE USA INC. (2153505)"", ""num"": ""2153505"", ""status"": ""Suspended - FTB"", ""score"": 60.0}, {""name"": ""PHIL ARCH MARBLE, INC. (U.S.A.) (1826809)"", ""num"": ""1826809"", ""status"": ""Suspended - FTB"", ""score"": 42.44}, {""name"": ""MARBLE & MOSAIC U.S.A., INC. (1413694)"", ""num"": ""1413694"", ""status"": ""Suspended - FTB"", ""score"": 32.13}]",2026-04-27T07:35:56.532898+00:00,
"Cornerstone Network, Inc.",6,"CORNERSTONE RESOURCE NETWORK, INC. (3271943)",3271943,Active,Nonprofit Corporation - CA - Religious,12/21/2009,CALIFORNIA,"Joshua Martin, CPA",Individual,True,"21800 OXNARD ST, WOODLAND HILLS, CA  91367",N/A,"2710 W. BURBANK BLVD., BURBANK,CA91505",12/31/2025,,Good,Good,Good,Good,False,"Joshua Martin, CPA (no addr match)",individual_agent_offsite,,"Cornerstone Network, Inc.","Cornerstone Network, Inc.",0.667,170.31,"[{""name"": ""CORNERSTONE NETWORK, INC. (1489593)"", ""num"": ""1489593"", ""status"": ""Active"", ""score"": 166.66}, {""name"": ""CORNERSTONE LEGAL NETWORK, INC. (4702925)"", ""num"": ""4702925"", ""status"": ""Suspended - FTB"", ""score"": 94.39}, {""name"": ""CORNERSTONE MORTGAGE NETWORK, INC. (2634326)"", ""num"": ""2634326"", ""status"": ""Suspended - FTB"", ""score"": 88.7}, {""name"": ""CORNERSTONE EQUITY PARTNER NETWORK, INC. (3332847)"", ""num"": ""3332847"", ""status"": ""Suspended - FTB"", ""score"": 73.96}, {""name"": ""CORNERSTONE FINANCIAL NETWORK, INC. (2254544)"", ""num"": ""2254544"", ""status"": ""Terminated"", ""score"": -33.13}]",2026-04-27T07:36:06.022657+00:00,
"High Rollers, Inc.",6,"HIGH ROLLERS, INC. (3761801)",3761801,Active,Stock Corporation - CA - General,03/04/2015,CALIFORNIA,NASSER ALIABADI,Individual,True,"7011 KOLL CENTER PKWY, #150, PLEASANTON, CA  94566","7011 KOLL CENTER PKWY, #150, PLEASANTON, CA 94566","7011 KOLL CENTER PKWY, #150, PLEASANTON,CA94566",03/31/2027,,Good,Good,Good,Good,True,NASSER ALIABADI,owner_operator,shared_principal_address:2; shared_agent:2,"High Rollers, Inc.","High Rollers, Inc.",1.000,205.54,"[{""name"": ""HIGH ROLLERS TRANSPORT INC (4705699)"", ""num"": ""4705699"", ""status"": ""Active"", ""score"": 174.39}, {""name"": ""HIGH ROLLERS, INC. (928658)"", ""num"": ""928658"", ""status"": """", ""score"": 100.0}, {""name"": ""HIGH ROLLERS, INC. (2471719)"", ""num"": ""2471719"", ""status"": ""Terminated"", ""score"": 1.03}, {""name"": ""HIGH ROLLERS SMOKESHOP, INC. (3390990)"", ""num"": ""3390990"", ""status"": ""Terminated"", ""score"": -29.15}, {""name"": ""HIGH ROLLERS TRUCKING INC (3309081)"", ""num"": ""3309081"", ""status"": ""Terminated"", ""score"": -29.48}]",2026-04-27T07:36:15.149744+00:00,
Purezest Llc,0,,,,,,,,,,,,,,,,,,,,,unknown,,Purezest Llc,Purezest Llc | Purezest,,,,2026-04-27T07:36:24.092999+00:00,
"Rpm Juice, Inc.",2,"RPM JUICE, INC. (4225484)",4225484,Active,Stock Corporation - CA - General,01/07/2019,CALIFORNIA,reza moalej,Individual,True,"4335 VAN NUYS BLVD, 102, SHERMAN OAKS, CA  91403","4335 VAN NUYS BLVD, 102, SHERMAN OAKS, CA 91403","4335 VAN NUYS BLVD, 102, SHERMAN OAKS,CA91403",01/31/2027,,Good,Good,Good,Good,True,reza moalej,owner_operator,,"Rpm Juice, Inc.","Rpm Juice, Inc.",1.000,206.95,"[{""name"": ""RPM JUICE HAWAII, INC. (4230327)"", ""num"": ""4230327"", ""status"": ""Terminated"", ""score"": -26.38}]",2026-04-27T07:36:36.229301+00:00,
"Kazi Foods, Inc.",2,"KAZI FOODS, INC. (1486739)",1486739,Active,Stock Corporation - CA - General,08/30/1990,CALIFORNIA,PARACORP INCORPORATED,1505 Corporation,False,,"3671 SUNSWEPT DRIVE, STUDIO CITY, CA 91604","3671 SUNSWEPT DRIVE, STUDIO CITY,CA91604",08/31/2026,,Good,Good,Good,Good,,,service_agent,,"Kazi Foods, Inc.","Kazi Foods, Inc.",1.000,196.59,"[{""name"": ""KAZI FOODS OF LA, INC. (3092607)"", ""num"": ""3092607"", ""status"": ""Terminated"", ""score"": -77.0}]",2026-04-27T07:36:45.007196+00:00,
"Atlas West, Inc.",10,"ATLAS WEST, INC. (3592727)",3592727,Active,Stock Corporation - CA - General,08/07/2013,CALIFORNIA,"ZFATY BURNS, INC.",1505 Corporation,False,,"8419 E BASELINE RD. STE 105, MESA, AZ 85209","8419 E BASELINE RD. STE 105, MESA,AZ85209",08/31/2026,,Good,Good,Good,Good,,,service_agent,,"Atlas West, Inc.","Atlas West, Inc.",1.000,204.97,"[{""name"": ""ATLAS FRANCHISE WEST, INC. (3604875)"", ""num"": ""3604875"", ""status"": ""Active"", ""score"": 171.67}, {""name"": ""HEALTH ATLAST WEST LA, INC. (3657168)"", ""num"": ""3657168"", ""status"": ""Active"", ""score"": 125.19}, {""name"": ""ATLAS LIFT TRUCKS WEST, INC. (837084)"", ""num"": ""837084"", ""status"": """", ""score"": 50.0}, {""name"": ""WESTERN ATLAS TILE DISTRIBUTORS, INC. (1327859)"", ""num"": ""1327859"", ""status"": ""Suspended - FTB"", ""score"": 34.52}, {""name"": ""ATLAS ENGINEERING WEST INC. (4670673)"", ""num"": ""4670673"", ""status"": ""Terminated"", ""score"": -25.69}]",2026-04-27T07:36:54.597429+00:00,
