entity_type,entity_name,name_variants,primary_state,all_states,brands_operated,total_units,fl_match_count,fl_first_result_name,fl_entity_number,fl_status,fl_entity_type,fl_formation_date,fl_jurisdiction,fl_agent_name,fl_agent_type,fl_agent_is_individual,fl_agent_address,fl_principal_address,fl_mailing_address,fl_statement_due_date,fl_inactive_date,fl_agent_address_matches_principal,fl_likely_owner_name,fl_operator_pattern,fl_multi_entity_operator,fl_query_used,fl_query_attempts,fl_name_similarity,fl_score,fl_alternates,fl_fetched_at,fl_error,fl_officers_json,fl_fei_number,fl_filing_type
company,Hut Florida Llc,,FL,FL,Pizza Hut,151,1,HUT FLORIDA LLC,M20000011009,Active,FORL,12/02/2020,Out-of-state,CORPORATION SERVICE COMPANY,Corporation,False,"1201 HAYS STREET, TALLAHASSEE, FL 323012525","6200 OAK TREE BLVD., STE. 250, INDEPENDENCE, OH 44131","6200 OAK TREE BLVD., STE. 250, INDEPENDENCE, OH 44131",,,False,CORTINA             LORIN         M,out_of_state_holdco,True,Hut Florida Llc,Hut Florida Llc,1.000,170.00,,2026-05-08T05:29:54.187347+00:00,,"[{""title_code"": ""EVP"", ""title"": ""EVP"", ""type"": ""Person"", ""name"": ""CORTINA             LORIN         M"", ""addr"": ""225 BUSH ST., STE. 1800"", ""city"": ""SAN FRANCISCO"", ""state"": ""CA"", ""zip"": ""94104""}, {""title_code"": ""CFO"", ""title"": ""CFO"", ""type"": ""Person"", ""name"": ""CORTINA             LORIN         M"", ""addr"": ""225 BUSH ST., STE. 1800"", ""city"": ""SAN FRANCISCO"", ""state"": ""CA"", ""zip"": ""94104""}, {""title_code"": ""CEO"", ""title"": ""CEO"", ""type"": ""Person"", ""name"": ""FLYNN               GREGORY       G"", ""addr"": ""225 BUSH STREET"", ""city"": ""SAN FRANCISCO"", ""state"": ""CA"", ""zip"": ""94104""}, {""title_code"": ""S, A"", ""title"": ""S, A"", ""type"": ""Person"", ""name"": ""IGARASHI            RON"", ""addr"": ""6200 OAK TREE BLVD., STE. 250"", ""city"": ""INDEPENDENCE"", ""state"": ""OH"", ""zip"": ""44131""}]",86-1249450,FORL
company,"Sunshine Restaurant Merger Sub, Llc",,FL,FL | GA,IHOP,147,1,"SUNSHINE RESTAURANT MERGER SUB, LLC",M07000002301,Active,FORL,04/20/2007,Out-of-state,C T CORPORATION SYSTEM,Corporation,False,"1200 SOUTH PINE ISLAND ROAD, PLANTATION, FL 33324","13650 NW 8 ST, Suite 103, SUNRISE, FL 33325","13650 NW 8 ST, Suite 103, SUNRISE, FL 33325",,,False,KARL                JAEGER,out_of_state_holdco,False,"Sunshine Restaurant Merger Sub, Llc","Sunshine Restaurant Merger Sub, Llc | sunshine restaurant",1.000,170.00,"[{""name"": ""SUNSHINE RESTAURANT, INC."", ""num"": ""P02000036301"", ""status"": ""Inactive"", ""score"": 0.0}, {""name"": ""SUNSHINE RESTAURANT INC."", ""num"": ""490772"", ""status"": ""Inactive"", ""score"": 0.0}, {""name"": ""SUNSHINE RESTAURANT CORP"", ""num"": ""F04000005417"", ""status"": ""Inactive"", ""score"": -30.0}]",2026-05-08T05:29:54.203793+00:00,,"[{""title_code"": ""MR"", ""title"": ""MR"", ""type"": ""Person"", ""name"": ""KARL                JAEGER"", ""addr"": ""3060 PEACHTREE ROAD SUITE 400"", ""city"": ""ATLANTA"", ""state"": ""GA"", ""zip"": ""303052256""}, {""title_code"": ""CFO"", ""title"": ""CFO"", ""type"": ""Person"", ""name"": ""Salvaggio           John"", ""addr"": ""13650 NW 8 ST"", ""city"": ""SUNRISE"", ""state"": ""FL"", ""zip"": ""33325""}]",208952385,FORL
company,"Sailormen, Inc.",,FL,FL | GA,Popeyes,137,1,"SAILORMEN, INC.",G81336,Active,DOMP,01/27/1984,Florida,"URS AGENTS, LLC",Corporation,False,"3458 LAKESHORE DR., TALLAHASSEE, FL 32312","9200 SOUTH DADELAND BLVD., SUITE 600, MIAMI, FL 33156","9200 SOUTH DADELAND BLVD., SUITE 600, MIAMI, FL 33156",,,False,RIZZIE              DON,owner_operator,False,"Sailormen, Inc.","Sailormen, Inc.",1.000,200.00,,2026-05-08T05:29:54.203793+00:00,,"[{""title_code"": ""COO"", ""title"": ""COO"", ""type"": ""Person"", ""name"": ""RIZZIE              DON"", ""addr"": ""9200 SOUTH DADELAND BLVD."", ""city"": ""MIAMI"", ""state"": ""FL"", ""zip"": ""33156""}, {""title_code"": ""CFO,"", ""title"": ""CFO,"", ""type"": ""Person"", ""name"": ""Borrack             Christine"", ""addr"": ""9200 SOUTH DADELAND BLVD."", ""city"": ""MIAMI"", ""state"": ""FL"", ""zip"": ""33156""}, {""title_code"": ""CEO"", ""title"": ""CEO"", ""type"": ""Person"", ""name"": ""Damato              David"", ""addr"": ""9200 SOUTH DADELAND BLVD."", ""city"": ""MIAMI"", ""state"": ""FL"", ""zip"": ""33156""}]",592355214,DOMP
company,"Cfl Pizza, Llc",,FL,FL,Pizza Hut,88,1,"CFL PIZZA, LLC",M09000003351,Active,FORL,08/26/2009,Out-of-state,CORPORATION SERVICE COMPANY,Corporation,False,"1201 HAYS STREET, TALLAHASSEE, FL 323012525","CFL PIZZA, LLC, 1170 Celebration Blvd., CELEBRATION, FL 34747","CFL PIZZA, LLC, 1170 Celebration Blvd., CELEBRATION, FL 34747",,,False,ROSEN               ANDREW        J,out_of_state_holdco,True,"Cfl Pizza, Llc","Cfl Pizza, Llc",1.000,170.00,,2026-05-08T05:29:54.220693+00:00,,"[{""title_code"": ""MGR"", ""title"": ""MGR"", ""type"": ""Person"", ""name"": ""ROSEN               ANDREW        J"", ""addr"": ""1170 Celebration Blvd."", ""city"": ""CELEBRATION"", ""state"": ""FL"", ""zip"": ""34747""}, {""title_code"": ""CFO"", ""title"": ""CFO"", ""type"": ""Person"", ""name"": ""HODGKINS            VIKKI"", ""addr"": ""1170 Celebration Blvd."", ""city"": ""CELEBRATION"", ""state"": ""FL"", ""zip"": ""34747""}, {""title_code"": ""COO,"", ""title"": ""COO,"", ""type"": ""Person"", ""name"": ""Vannostrand         Carl"", ""addr"": ""1170 Celebration Blvd."", ""city"": ""CELEBRATION"", ""state"": ""FL"", ""zip"": ""34747""}]",270860984,FORL
company,Adiser Orlando Llc,,FL,FL,Burger King,77,1,ADISER ORLANDO LLC,L20000395204,Active,FLAL,12/17/2020,Florida,PEDRAGLIO           JUAN CARLOS,Individual,True,"450 S ORLANDO AVENUE, WINTER PARK, FL 32789","450 S ORLANDO AVENUE SUITE 200, WINTER PARK, FL 32789","450 S ORLANDO AVE, WINTER PARK, FL 32789",,,True,PEDRAGLIO           JUAN CARLOS,owner_operator,False,Adiser Orlando Llc,Adiser Orlando Llc,1.000,200.00,,2026-05-08T05:29:54.221946+00:00,,"[{""title_code"": ""MGR"", ""title"": ""MGR"", ""type"": ""Person"", ""name"": ""PEDRAGLIO           JUAN CARLOS"", ""addr"": ""450 S ORLANDO AVE"", ""city"": ""WINTER PARK"", ""state"": ""FL"", ""zip"": ""32789""}, {""title_code"": ""MGR"", ""title"": ""MGR"", ""type"": ""Person"", ""name"": ""PINHEIRO            ANDERSON"", ""addr"": ""450 S ORLANDO AVE"", ""city"": ""WINTER PARK"", ""state"": ""FL"", ""zip"": ""32789""}]",86-1675069,FLAL
company,"Bravotampa, Llc",,FL,FL,Burger King,74,1,"BRAVOTAMPA, LLC",M12000004483,Active,FORL,08/08/2012,Out-of-state,CORPORATION SERVICE COMPANY,Corporation,False,"1201 HAYS STREET, TALLAHASSEE, FL 323012525","10002 PRINCESS PALM AVENUE, TAMPA, FL 33619","4220 EDISON LAKES PARKWAY, SUITE 300, MISHAWAKA, IN 46545",,,False,Fitzpatrick         Daniel        J,out_of_state_holdco,True,"Bravotampa, Llc","Bravotampa, Llc",1.000,170.00,,2026-05-08T05:29:54.221946+00:00,,"[{""title_code"": ""PRES"", ""title"": ""PRES"", ""type"": ""Person"", ""name"": ""Fitzpatrick         Daniel        J"", ""addr"": ""4220 EDISON LAKES PARKWAY"", ""city"": ""MISHAWAKA"", ""state"": ""IN"", ""zip"": ""46545""}, {""title_code"": ""CEO"", ""title"": ""CEO"", ""type"": ""Person"", ""name"": ""FITZPATRICK         DANIEL        B"", ""addr"": ""4220 EDISON LAKES PARKWAY"", ""city"": ""MISHAWAKA"", ""state"": ""IN"", ""zip"": ""46545""}, {""title_code"": ""VP,"", ""title"": ""VP,"", ""type"": ""Person"", ""name"": ""TYLER               JENNIFER"", ""addr"": ""10002 PRINCESS PALM AVENUE"", ""city"": ""TAMPA"", ""state"": ""FL"", ""zip"": ""33619""}, {""title_code"": ""DIRE"", ""title"": ""DIRE"", ""type"": ""Person"", ""name"": ""Fitzpatrick         CJ"", ""addr"": ""10002 PRINCESS PALM AVENUE"", ""city"": ""TAMPA"", ""state"": ""FL"", ""zip"": ""33619""}, {""title_code"": ""SECR"", ""title"": ""SECR"", ""type"": ""Person"", ""name"": ""MEYER, JR           JAMES         R"", ""addr"": ""4220 EDISON LAKES PARKWAY"", ""city"": ""MISHAWAKA"", ""state"": ""IN"", ""zip"": ""46545""}]",46-0650231,FORL
company,"Tasty Chick'N Southeast, Llc",,FL,AL | AR | FL | MS | VA,KFC,71,1,"TASTY CHICK 'N SOUTHEAST, LLC",M21000015492,Active,FORL,11/18/2021,Out-of-state,REGISTERED AGENTS INC.,Corporation,False,"7901 4 ST N STE 300, ST PETERSBURG, FL 33702","6201 W Plano Pkwy, Ste 200, Plano, TX 75093","2205 W 136th Ave Ste 106-209, Broomfield, CO 80023",,,False,RODRIQUEZ           ROBERT,out_of_state_holdco,False,"Tasty Chick'N Southeast, Llc","Tasty Chick'N Southeast, Llc | tasty chick n | tasty chick",1.000,200.00,"[{""name"": ""TASTY CHICK'N, LLC"", ""num"": ""M21000016167"", ""status"": ""Active"", ""score"": 175.0}, {""name"": ""TASTY CHICK INC"", ""num"": ""342212"", ""status"": ""Inactive"", ""score"": 0.0}, {""name"": ""TASTY CHICK, INC."", ""num"": ""P11000003925"", ""status"": ""Inactive"", ""score"": 0.0}]",2026-05-08T05:29:54.223865+00:00,,"[{""title_code"": ""MBR"", ""title"": ""MBR"", ""type"": ""Corporation"", ""name"": ""TASTY CHICK'N, LLC"", ""addr"": ""6701 CENTER DR W"", ""city"": ""LOS ANGELES"", ""state"": ""CA"", ""zip"": ""90045""}, {""title_code"": ""MGR"", ""title"": ""MGR"", ""type"": ""Person"", ""name"": ""RODRIQUEZ           ROBERT"", ""addr"": ""6701 CENTER DR W"", ""city"": ""LOS ANGELES"", ""state"": ""CA"", ""zip"": ""90045""}, {""title_code"": ""MGR"", ""title"": ""MGR"", ""type"": ""Person"", ""name"": ""SCOTT               THOMAS        M"", ""addr"": ""6701 CENTER DR W"", ""city"": ""LOS ANGELES"", ""state"": ""CA"", ""zip"": ""90045""}]",872571855,FORL
company,"Neighborhood Restaurant Partners Florida Two, Llc","Neighborhood Restaurant Partners Florida Two, Llc / Neighborhood Restaurant Partners Florida, Llc",FL,AL | FL | GA,Applebee's,67,1,"NEIGHBORHOOD RESTAURANT PARTNERS FLORIDA TWO, LLC",M12000006414,Active,FORL,11/16/2012,Out-of-state,C T CORPORATION SYSTEM,Corporation,False,"1200 SOUTH PINE ISLAND ROAD, PLANTATION, FL 33324","% ARGONNE CAPITAL GROUP LLC, ONE BUCKHEAD, PLAZA, STE 400, 3060 PEACHTREE RD NW, ATLANTA, GA 30305","710 Dacula Road, Dacula, GA 30019",,,False,Klump               Michael       A,out_of_state_holdco,False,"Neighborhood Restaurant Partners Florida Two, Llc","Neighborhood Restaurant Partners Florida Two, Llc",1.000,170.00,,2026-05-08T05:29:54.224950+00:00,,"[{""title_code"": ""MGR"", ""title"": ""MGR"", ""type"": ""Corporation"", ""name"": ""NEIGHBORHOOD RESTAURANT PARTNERS FLORIDA L"", ""addr"": ""ONE BUCKHEAD PLAZA, #400, 3060 PEACHTREE R"", ""city"": ""ATLANTA"", ""state"": ""GA"", ""zip"": ""30305""}, {""title_code"": ""Pres"", ""title"": ""Pres"", ""type"": ""Person"", ""name"": ""Klump               Michael       A"", ""addr"": ""3060 Peachtree Road, NW"", ""city"": ""Atlanta"", ""state"": ""GA"", ""zip"": ""30305""}, {""title_code"": ""VP"", ""title"": ""VP"", ""type"": ""Person"", ""name"": ""Jaeger              Karl          F"", ""addr"": ""3060 Peachtree Road, NW"", ""city"": ""Atlanta"", ""state"": ""GA"", ""zip"": ""30305""}]",36-4746462,FORL
company,"Em Squared Miami, Llc","Em Squared Miami, Llc / Em Squared, Llc",FL,FL | NC | TN | WV,KFC,63,1,"EM SQUARED MIAMI, LLC",M21000008511,Active,FORL,06/30/2021,Out-of-state,PARACORP INCORPORATED,Corporation,False,"155 OFFICE PLAZA DRIVE, 1ST FLOOR, TALLAHASSEE, FL 32301","104 MULL STREET, MORGANTON, NC 28655","104 MULL STREET, MORGANTON, NC 28655",,,False,FULENWIDER          C. MICHAEL    II,out_of_state_holdco,False,"Em Squared Miami, Llc","Em Squared Miami, Llc | em squared",1.000,170.00,"[{""name"": ""EM SQUARED LLC"", ""num"": ""L22000458972"", ""status"": ""Active"", ""score"": 166.67}, {""name"": ""EM SQUARED, LLC"", ""num"": ""L04000033537"", ""status"": ""Inactive"", ""score"": 16.67}]",2026-05-08T05:29:54.224950+00:00,,"[{""title_code"": ""MGR"", ""title"": ""MGR"", ""type"": ""Person"", ""name"": ""FULENWIDER          C. MICHAEL    II"", ""addr"": ""104 MULL STREET"", ""city"": ""MORGANTON"", ""state"": ""NC"", ""zip"": ""28655""}, {""title_code"": ""MGR"", ""title"": ""MGR"", ""type"": ""Person"", ""name"": ""GOLDSTEIN           BRIAN"", ""addr"": ""104 MULL STREET"", ""city"": ""MORGANTON"", ""state"": ""NC"", ""zip"": ""28655""}, {""title_code"": ""MGR"", ""title"": ""MGR"", ""type"": ""Person"", ""name"": ""CHEEK               JOHN"", ""addr"": ""104 MULL STREET"", ""city"": ""MORGANTON"", ""state"": ""NC"", ""zip"": ""28655""}, {""title_code"": ""CFO"", ""title"": ""CFO"", ""type"": ""Person"", ""name"": ""Bunyea              Kelly         II"", ""addr"": ""104 MULL STREET"", ""city"": ""MORGANTON"", ""state"": ""NC"", ""zip"": ""28655""}]",87-1417518,FORL
company,"Rrg Of Jacksonville, Llc",,FL,FL | GA | SC,Burger King,61,1,"RRG OF JACKSONVILLE, LLC",L22000491886,Active,FLAL,11/18/2022,Florida,"ROYAL RESTAURANT GROUP, LLC",Corporation,False,"525 SOUTH FLAGLER DRIVE, WEST PALM BEACH, FL 33401","525 SOUTH FLAGLER DRIVE, WEST PALM BEACH, FL 33401","525 SOUTH FLAGLER DRIVE, WEST PALM BEACH, FL 33401",,,True,,service_agent,False,"Rrg Of Jacksonville, Llc","Rrg Of Jacksonville, Llc",1.000,200.00,,2026-05-08T05:29:54.225950+00:00,,"[{""title_code"": ""MGR"", ""title"": ""MGR"", ""type"": ""Corporation"", ""name"": ""MICHAEL SCHMICKLE"", ""addr"": ""525 SOUTH FLAGLER DRIVE"", ""city"": ""WEST PALM BEACH"", ""state"": ""FL"", ""zip"": ""33401""}, {""title_code"": ""MGR"", ""title"": ""MGR"", ""type"": ""Corporation"", ""name"": ""RANDY PIANIN"", ""addr"": ""525 SOUTH FLAGLER DRIVE"", ""city"": ""WEST PALM BEACH"", ""state"": ""FL"", ""zip"": ""33401""}]",92-1106445,FLAL
company,"Koning Restaurants International, L.C.",,FL,FL,Pizza Hut,52,1,"KONING RESTAURANTS INTERNATIONAL, L.C.",L98000001181,Active,FLAL,07/23/1998,Florida,"NRAI SERVICES, INC.",Corporation,False,"1200 South Pine Island Road, Plantation, FL 33324","5400 S UNIVERSITY DRIVE, DAVIE, FL 33328","5400 S UNIVERSITY DRIVE, DAVIE, FL 33328",,,False,SALAS               ALFREDO,owner_operator,False,"Koning Restaurants International, L.C.","Koning Restaurants International, L.C.",1.000,200.00,,2026-05-08T05:29:54.225950+00:00,,"[{""title_code"": ""CEO"", ""title"": ""CEO"", ""type"": ""Person"", ""name"": ""SALAS               ALFREDO"", ""addr"": ""3121 COMMERCE PARKWAY"", ""city"": ""MIRAMAR"", ""state"": ""FL"", ""zip"": ""33025""}, {""title_code"": ""CFO"", ""title"": ""CFO"", ""type"": ""Person"", ""name"": ""SEZER               OMER"", ""addr"": ""3121 COMMERCE PARKWAY"", ""city"": ""MIRAMAR"", ""state"": ""FL"", ""zip"": ""33025""}]",650857021,FLAL
company,"Tice Chicken Fl, Llc",,FL,FL,Popeyes,46,1,"TICE CHICKEN FL, LLC",M24000002126,Active,FORL,02/19/2024,Out-of-state,LEGALINC CORPORATE SERVICES INC.,Corporation,False,"476 RIVERSIDE AVE., JACKSONVILLE, FL 32202","9801 Lake Nona Club Drive, Orlando, FL 32827","9801 Lake Nona Club Drive, Orlando, FL 32827",,,False,AMARO               FERNANDO,out_of_state_holdco,False,"Tice Chicken Fl, Llc","Tice Chicken Fl, Llc",1.000,170.00,,2026-05-08T05:29:54.226971+00:00,,"[{""title_code"": ""MGR"", ""title"": ""MGR"", ""type"": ""Corporation"", ""name"": ""AIM QSR MANAGER, LLC"", ""addr"": ""9801 Lake Nona Club Drive"", ""city"": ""Orlando"", ""state"": ""FL"", ""zip"": ""32827""}, {""title_code"": ""Pres"", ""title"": ""Pres"", ""type"": ""Person"", ""name"": ""AMARO               FERNANDO"", ""addr"": ""9801 Lake Nona Club Drive"", ""city"": ""Orlando"", ""state"": ""FL"", ""zip"": ""32827""}]",99-0655936,FORL
person,"Longen, Jerry A.",,FL,AL | FL | GA,Domino's,45,0,,,,,,,,,,,,,,,,,,,"Longen, Jerry A.","Longen, Jerry A.",,,,2026-05-08T05:29:54.226971+00:00,,,,
company,"Phoenix Of West Palm Beach, Llc","Phoenix Of 152Nd St, Llc / Phoenix Of 45Th St Llc / Phoenix Of 8Th St, Llc / Phoenix Of Belvedere Llc / Phoenix Of Boynton Beach Llc / Phoenix Of Coconut Creek, Llc / Phoenix Of Collier Llc / Phoenix Of Congress Ave Llc / Phoenix Of Cutler Bay Llc / Phoenix Of Delray, Llc / Phoenix Of Doral Llc / Phoenix Of Flagler, Llc / Phoenix Of Forest Hill Llc / Phoenix Of Glades Rd. Llc / Phoenix Of Greenacres Llc / Phoenix Of Homestead, Llc / Phoenix Of Jog Rd Llc / Phoenix Of Lake Worth Llc / Phoenix Of Lantana, Llc / Phoenix Of Margate, Llc / Phoenix Of Miami Lakes, Llc / Phoenix Of Mizner Park Llc / Phoenix Of N Dixie Hwy Llc / Phoenix Of N. Lauderdale, Llc / Phoenix Of Naples Llc / Phoenix Of Naranja Llc / Phoenix Of Oakland Park, Llc / Phoenix Of Okeechobee Llc / Phoenix Of Pembroke Pines, Llc / Phoenix Of Port St Lucie Llc / Phoenix Of Quail Roost Llc / Phoenix Of Riviera Beach, Llc / Phoenix Of South Congress Llc / Phoenix Of State Rd 7 Llc / Phoenix Of West Okeechobee Llc / Phoenix Of West Palm Beach, Llc / Phoenix Of Woolbright Llc",FL,FL,Burger King,37,1,PHOENIX OF WEST PALM BEACH LLC,L13000157638,Active,FLAL,11/08/2013,Florida,KROSS               JONATHAN      PESQ,Individual,True,"941-A Clint Moore Road, BOCA RATON, FL 33487","941-A Clint Moore Road, BOCA RATON, FL 33487","941-A Clint Moore Road, BOCA RATON, FL 33487",,,True,,unknown,False,"Phoenix Of West Palm Beach, Llc","Phoenix Of West Palm Beach, Llc",1.000,200.00,"[{""name"": ""PHOENIX CORPORATION OF WEST PALM BEACH, INC."", ""num"": ""P05000025078"", ""status"": ""Inactive"", ""score"": 50.0}]",2026-05-08T05:29:54.226971+00:00,,"[{""title_code"": ""MGR"", ""title"": ""MGR"", ""type"": ""Corporation"", ""name"": ""PHOENIX HOLDINGS OF SOUTH FLORIDA, LLC"", ""addr"": ""941-A Clint Moore Road"", ""city"": ""BOCA RATON"", ""state"": ""FL"", ""zip"": ""33487""}]",46-4605022,FLAL
company,"Bravoflorida,Llc",,FL,FL,Burger King,35,1,"BRAVOFLORIDA, LLC",M15000007885,Active,FORL,10/01/2015,Out-of-state,CORPORATION SERVICE COMPANY,Corporation,False,"1201 HAYS STREET, TALLAHASSEE, FL 323012525","10002 PRINCESS PALM AVENUE, TAMPA, FL 33619","4220 EDISON LAKES PARKWAY, SUITE 300, MISHAWAKA, IN 46545",,,False,FITZPATRICK         DANIEL        B,out_of_state_holdco,True,"Bravoflorida,Llc","Bravoflorida,Llc",1.000,170.00,,2026-05-08T05:29:54.227947+00:00,,"[{""title_code"": ""CEO"", ""title"": ""CEO"", ""type"": ""Person"", ""name"": ""FITZPATRICK         DANIEL        B"", ""addr"": ""4220 EDISON LAKES PARKWAY"", ""city"": ""MISHAWAKA"", ""state"": ""IN"", ""zip"": ""46545""}, {""title_code"": ""PRES"", ""title"": ""PRES"", ""type"": ""Person"", ""name"": ""FITZPATRICK         DANIEL        J"", ""addr"": ""4220 EDISON LAKES PARKWAY"", ""city"": ""MISHAWAKA"", ""state"": ""IN"", ""zip"": ""46545""}, {""title_code"": ""VP,"", ""title"": ""VP,"", ""type"": ""Person"", ""name"": ""TYLER               JENNIFER"", ""addr"": ""10002 PRINCESS PALM AVENUE"", ""city"": ""TAMPA"", ""state"": ""FL"", ""zip"": ""33619""}, {""title_code"": ""DIRE"", ""title"": ""DIRE"", ""type"": ""Person"", ""name"": ""FITZPATRICK         CJ"", ""addr"": ""10002 PRINCESS PALM AVENUE"", ""city"": ""TAMPA"", ""state"": ""FL"", ""zip"": ""33619""}, {""title_code"": ""SECR"", ""title"": ""SECR"", ""type"": ""Person"", ""name"": ""MEYER, JR.          JAMES         R"", ""addr"": ""4220 EDISON LAKES PARKWAY"", ""city"": ""MISHAWAKA"", ""state"": ""IN"", ""zip"": ""46545""}]",475144981,FORL
company,Nova Shores Restaurants Llc,,FL,FL,Burger King,33,1,"NOVA SHORES RESTAURANTS, LLC",L25000367275,Active,FLAL,08/14/2025,Florida,COGENCY GLOBAL INC.,Corporation,False,"115 NORTH CALHOUN ST., TALLAHASSEE, FL 32301","1521 ALTON ROAD #113, MIAMI BEACH, FL 33139","1521 ALTON ROAD #113, MIAMI BEACH, FL 33139",,,False,SERAFIM JUNIOR      EDUARDO,owner_operator,False,Nova Shores Restaurants Llc,Nova Shores Restaurants Llc,1.000,200.00,,2026-05-08T05:29:54.227947+00:00,,"[{""title_code"": ""MGR"", ""title"": ""MGR"", ""type"": ""Person"", ""name"": ""SERAFIM JUNIOR      EDUARDO"", ""addr"": ""1521 ALTON ROAD #113"", ""city"": ""MIAMI BEACH"", ""state"": ""FL"", ""zip"": ""33139""}, {""title_code"": ""MGR"", ""title"": ""MGR"", ""type"": ""Person"", ""name"": ""ROMEO               ELADIO"", ""addr"": ""1521 ALTON ROAD #113"", ""city"": ""MIAMI BEACH"", ""state"": ""FL"", ""zip"": ""33139""}]",NOT APPLICABLE,FLAL
person,Juan C Prado,,FL,FL,McDonald's,33,0,,,,,,,,,,,,,,,,,,,Juan C Prado,Juan C Prado,,,,2026-05-08T05:29:54.227947+00:00,,,,
person,Angel Veliz,,FL,FL,McDonald's,29,0,,,,,,,,,,,,,,,,,,,Angel Veliz,Angel Veliz,,,,2026-05-08T05:29:54.227947+00:00,,,,
person,Carlton R Wade,,FL,FL,McDonald's,28,0,,,,,,,,,,,,,,,,,,,Carlton R Wade,Carlton R Wade,,,,2026-05-08T05:29:54.228950+00:00,,,,
company,"Jan King, Inc.",,FL,FL,Burger King,26,1,"JAN KING, INC.",P04000114046,Active,DOMP,08/04/2004,Florida,C T CORPORATION SYSTEM,Corporation,False,"1200 SOUTH PINE ISLAND ROAD, PLANTATION, FL 33324","35 Sockanosset Cross Road, CRANSTON, RI 02920","35 Sockanosset Cross Road, CRANSTON, RI 02920",,,False,JANIKIES            WILLIAM       N,owner_operator,False,"Jan King, Inc.","Jan King, Inc.",1.000,200.00,,2026-05-08T05:29:54.228950+00:00,,"[{""title_code"": ""P"", ""title"": ""President"", ""type"": ""Person"", ""name"": ""JANIKIES            WILLIAM       N"", ""addr"": ""35 Sockanosset Cross Road"", ""city"": ""Cranston"", ""state"": ""RI"", ""zip"": ""02920""}, {""title_code"": ""V"", ""title"": ""Vice President"", ""type"": ""Person"", ""name"": ""JANIKIES            JONATHAN      J"", ""addr"": ""35 Sockanosset Cross Road"", ""city"": ""Cranston"", ""state"": ""RI"", ""zip"": ""02920""}, {""title_code"": ""TREA"", ""title"": ""TREA"", ""type"": ""Person"", ""name"": ""JANIKIES-SIMONSON   CYNTHIA"", ""addr"": ""35 Sockanosset Cross Road"", ""city"": ""Cranston"", ""state"": ""RI"", ""zip"": ""02920""}]",364558503,DOMP
person,Brent Upchurch,,FL,FL,McDonald's,26,0,,,,,,,,,,,,,,,,,,,Brent Upchurch,Brent Upchurch,,,,2026-05-08T05:29:54.228950+00:00,,,,
company,Apple Florida Llc,,FL,FL | GA,Applebee's,25,1,APPLE FLORIDA LLC,M24000000333,Active,FORL,01/11/2024,Out-of-state,CORPORATION SERVICE COMPANY,Corporation,False,"1201 HAYS STREET, TALLAHASSEE, FL 323012525","6200 OAK TREE BLVD., SUITE 250, INDEPENDENCE, OH 44131","6200 OAK TREE BLVD., SUITE 250, INDEPENDENCE, OH 44131",,,False,FLYNN               GREGORY       G,out_of_state_holdco,True,Apple Florida Llc,Apple Florida Llc,1.000,170.00,,2026-05-08T05:29:54.228950+00:00,,"[{""title_code"": ""AP"", ""title"": ""AP"", ""type"": ""Person"", ""name"": ""FLYNN               GREGORY       G"", ""addr"": ""225 BUSH STREET, SUITE 1800"", ""city"": ""SAN FRANCISCO"", ""state"": ""CA"", ""zip"": ""94104""}, {""title_code"": ""CEO"", ""title"": ""CEO"", ""type"": ""Person"", ""name"": ""FLYNN               GREGORY       G"", ""addr"": ""225 BUSH STREET, SUITE 1800"", ""city"": ""SAN FRANCISCO"", ""state"": ""CA"", ""zip"": ""94104""}, {""title_code"": ""APS"", ""title"": ""APS"", ""type"": ""Person"", ""name"": ""IGARASHI            RON"", ""addr"": ""225 BUSH STREET, SUITE 1800"", ""city"": ""SAN FRANCISCO"", ""state"": ""CA"", ""zip"": ""94104""}, {""title_code"": ""AP"", ""title"": ""AP"", ""type"": ""Person"", ""name"": ""CORTINA             LORIN         M"", ""addr"": ""225 BUSH STREET, SUITE 1800"", ""city"": ""SAN FRANCISCO"", ""state"": ""CA"", ""zip"": ""94104""}, {""title_code"": ""EVP"", ""title"": ""EVP"", ""type"": ""Person"", ""name"": ""CORTINA             LORIN         M"", ""addr"": ""225 BUSH STREET, SUITE 1800"", ""city"": ""SAN FRANCISCO"", ""state"": ""CA"", ""zip"": ""94104""}, {""title_code"": ""CFO"", ""title"": ""CFO"", ""type"": ""Person"", ""name"": ""CORTINA             LORIN         G"", ""addr"": ""225 BUSH STREET, SUITE 1800"", ""city"": ""SAN FRANCISCO"", ""state"": ""CA"", ""zip"": ""94104""}]",99-0593846,FORL
person,"Welker, William L.",,FL,FL,Domino's,24,0,,,,,,,,,,,,,,,,,,,"Welker, William L.","Welker, William L.",,,,2026-05-08T05:29:54.229955+00:00,,,,
person,Michele K Heisner,,FL,FL,McDonald's,22,1,"MICHELE K., INC.",G16193,Inactive,DOMP,12/03/1982,Florida,"KARSENTI, MICHELE",Corporation,False,"13627 DEERING BAY DR, MIAMI, FL 33158","777 NW 72ND AVENUE, 2BB56, MIAMI, FL 33126-3009","13627 DEERING BAY DR, 1003, CORAL GABLES, FL 33158",,,False,,service_agent,False,michele k,michele k,0.667,16.67,,2026-05-08T05:29:54.229955+00:00,,"[{""title_code"": ""PD"", ""title"": ""PD"", ""type"": ""Corporation"", ""name"": ""KARSENTI, MICHELE"", ""addr"": ""13627 DEE RING BAY DR., #1003"", ""city"": ""CORAL GABLES"", ""state"": ""FL"", ""zip"": ""33158""}]",592390683,DOMP
company,"Host International, Inc.","Host Int'L, Inc / Host International Inc. / Host International, Inc.",FL,AL | AR | FL | GA | HI | ME | NC | NJ | NV | NY | OH | UT | VA,Burger King | Jimmy John's | Pizza Hut,21,1,"HOST INTERNATIONAL, INC.",852009,Active,FORP,02/26/1982,Out-of-state,"PRENTICE-HALL CORPORATION SYSTEM, INC.",Corporation,False,"1201 HAYS STREET, TALLAHASSEE, FL 32301","c/o Avolta, HMSHost, 6905 Rockledge Drive, Bethesda, MD 20817","c/o Avolta, HMSHost, 6905 Rockledge Drive, Bethesda, MD 20817",,,False,Crandlemire         Jason,out_of_state_holdco,False,"Host International, Inc.","Host International, Inc.",1.000,170.00,"[{""name"": ""HOST INTERNATIONAL, INC."", ""num"": ""800746"", ""status"": ""Inactive"", ""score"": 20.0}]",2026-05-08T05:29:54.230964+00:00,,"[{""title_code"": ""Dire"", ""title"": ""Dire"", ""type"": ""Person"", ""name"": ""Crandlemire         Jason"", ""addr"": ""c/o Avolta, HMSHost"", ""city"": ""Bethesda"", ""state"": ""MD"", ""zip"": ""20817""}, {""title_code"": ""Auth"", ""title"": ""Auth"", ""type"": ""Person"", ""name"": ""Kunkle              Richard"", ""addr"": ""c/o Avolta, HMSHost"", ""city"": ""Bethesda"", ""state"": ""MD"", ""zip"": ""20817""}, {""title_code"": ""Dire"", ""title"": ""Dire"", ""type"": ""Person"", ""name"": ""Mamalian            Paul"", ""addr"": ""1 Meadowlands Plaza"", ""city"": ""East Rutherford"", ""state"": ""NJ"", ""zip"": ""07073""}, {""title_code"": ""Assi"", ""title"": ""Assi"", ""type"": ""Person"", ""name"": ""Poersch             Jeffrey Leonar"", ""addr"": ""c/o Avolta, HMSHost"", ""city"": ""Bethesda"", ""state"": ""MD"", ""zip"": ""20817""}]",521242334,FORP
person,Raphael A Vazquez,,FL,FL | GA,McDonald's,21,0,,,,,,,,,,,,,,,,,,,Raphael A Vazquez,Raphael A Vazquez,,,,2026-05-08T05:29:54.230964+00:00,,,,
company,"Ckj Burger, Llc",,FL,FL,Burger King,20,1,CKJ BURGER LLC,L25000383088,Active,FLAL,08/19/2025,Florida,JACKSON             RAYMOND       T,Individual,True,"198 W JAMES LEE BLVD, CRESTVIEW, FL 32536","3829 LORNA ROAD, STE 306, HOOVER, AL 35244","3829 LORNA ROAD, STE 306, HOOVER, AL 35244",,,False,JACKSON             RAYMOND       T,owner_operator,False,"Ckj Burger, Llc","Ckj Burger, Llc",1.000,200.00,,2026-05-08T05:29:54.230964+00:00,,"[{""title_code"": ""MGR"", ""title"": ""MGR"", ""type"": ""Person"", ""name"": ""JACKSON             RAYMOND       T"", ""addr"": ""27770 CANAL RD, APT 3"", ""city"": ""ORANGE BEACH"", ""state"": ""AL"", ""zip"": ""36561""}, {""title_code"": ""MGR"", ""title"": ""MGR"", ""type"": ""Person"", ""name"": ""KAMINER             COLBY"", ""addr"": ""27402 CAMINO HAVEN"", ""city"": ""BOERNE"", ""state"": ""TX"", ""zip"": ""78015""}, {""title_code"": ""MGR"", ""title"": ""MGR"", ""type"": ""Person"", ""name"": ""CROWSON             THOMAS        JR"", ""addr"": ""500 CAPITAL OF TEXAS HIGHWAY N. BUILD 7"", ""city"": ""AUSTIN"", ""state"": ""TX"", ""zip"": ""78746""}]",,FLAL
company_with_owner,Sarasota Seven Burgers Llc (George Estep And Scott Strahm),Gator Subs Vision Llc (George Estep And Scott Strahm) / Sarasota Seven Burgers Llc (George Estep And Scott Strahm),FL,FL,Five Guys,20,1,"SARASOTA SEVEN BURGERS, LLC",L18000131430,Active,FLAL,05/25/2018,Florida,STRAHM              SCOTT,Individual,True,"20012 OUTPOST POINT DR, TAMPA, FL 33647","20012 Outpost Point Drive, Tampa, FL 33647","3685 N NATIONAL RD, COLUMBUS, IN 47201",,,True,ESTEP               GEORGE,owner_operator,False,Sarasota Seven Burgers Llc (George Estep And Scott Strahm),Sarasota Seven Burgers Llc (George Estep And Scott Strahm),1.000,200.00,,2026-05-08T05:29:54.231960+00:00,,"[{""title_code"": ""MGR"", ""title"": ""MGR"", ""type"": ""Person"", ""name"": ""ESTEP               GEORGE"", ""addr"": ""3685 N NATIONAL RD"", ""city"": ""COLUMBUS"", ""state"": ""IN"", ""zip"": ""47201""}, {""title_code"": ""MGR"", ""title"": ""MGR"", ""type"": ""Person"", ""name"": ""ESTEP               STELLA"", ""addr"": ""3685 N NATIONAL RD"", ""city"": ""COLUMBUS"", ""state"": ""IN"", ""zip"": ""47201""}, {""title_code"": ""MGR"", ""title"": ""MGR"", ""type"": ""Person"", ""name"": ""STRAHM              SCOTT"", ""addr"": ""20012 OUTPOST POINT DR"", ""city"": ""TAMPA"", ""state"": ""FL"", ""zip"": ""33647""}]",32-0566711,FLAL
company,"Tossitup 2422, Inc.","Tossitup 1149, Inc. / Tossitup 1454, Inc. / Tossitup 1774, Inc / Tossitup 1817, Inc. / Tossitup 2298 Inc. / Tossitup 2322, Inc / Tossitup 2422, Inc. / Tossitup 2543, Inc, / Tossitup 260, Inc. / Tossitup 2608, Inc / Tossitup 261, Inc. / Tossitup 262, Inc. / Tossitup 2661, Inc / Tossitup 3053, Inc. / Tossitup 3229, Inc. / Tossitup 576, Inc. / Tossitup 710, Inc. / Tossitup 719, Inc. / Tossitup 971, Inc. / Tossitup, Inc.",FL,FL,Jimmy John's,20,1,"TOSSITUP 2422, INC.",P19000049079,Active,DOMP,06/07/2019,Florida,MCGUIRE             RYAN,Individual,True,"21774 Philmont Court, Boca Raton, FL 33428","1400 BROOK DRIVE, DOWNERS GROVE, IL 60515","1400 BROOK DRIVE, DOWNERS GROVE, IL 60515",,,False,FORT                JEFFREY       SJR.,owner_operator,True,"Tossitup 2422, Inc.","Tossitup 2422, Inc.",1.000,200.00,,2026-05-08T05:29:54.231960+00:00,,"[{""title_code"": ""PRES"", ""title"": ""PRES"", ""type"": ""Person"", ""name"": ""FORT                JEFFREY       SJR."", ""addr"": ""1400 BROOK DRIVE"", ""city"": ""DOWNERS GROVE"", ""state"": ""IL"", ""zip"": ""60515""}, {""title_code"": ""DIR"", ""title"": ""DIR"", ""type"": ""Person"", ""name"": ""FORT                JEFFREY       SJR."", ""addr"": ""1400 BROOK DRIVE"", ""city"": ""DOWNERS GROVE"", ""state"": ""IL"", ""zip"": ""60515""}, {""title_code"": ""SEC"", ""title"": ""SEC"", ""type"": ""Person"", ""name"": ""MCGUIRE             RYAN"", ""addr"": ""21774 Philmont Court"", ""city"": ""Boca Raton"", ""state"": ""FL"", ""zip"": ""33428""}, {""title_code"": ""DIR"", ""title"": ""DIR"", ""type"": ""Person"", ""name"": ""MCGUIRE             RYAN          JR."", ""addr"": ""21774 Philmont Court"", ""city"": ""Boca Raton"", ""state"": ""FL"", ""zip"": ""33428""}, {""title_code"": ""DIR"", ""title"": ""DIR"", ""type"": ""Person"", ""name"": ""ERICKSON            JEFFREY"", ""addr"": ""1400 BROOK DRIVE"", ""city"": ""DOWNERS GROVE"", ""state"": ""IL"", ""zip"": ""60515""}, {""title_code"": ""TREA"", ""title"": ""TREA"", ""type"": ""Person"", ""name"": ""ERICKSON            JEFFREY       S"", ""addr"": ""1400 BROOK DRIVE"", ""city"": ""DOWNERS GROVE"", ""state"": ""IL"", ""zip"": ""60515""}]",84-2196589,DOMP
person,Javier Illas,,FL,FL,McDonald's,19,0,,,,,,,,,,,,,,,,,,,Javier Illas,Javier Illas,,,,2026-05-08T05:29:54.231960+00:00,,,,
company,Adt Florida Llc,,FL,FL,Pizza Hut,19,1,ADT FLORIDA LLC,M20000009599,Active,FORL,10/22/2020,Out-of-state,"NRAI SERVICES, INC.",Corporation,False,"1200 SOUTH PINE ISLAND ROAD, PLANTATION, FL 33324","50 CHARLES ST., WESTPORT, CT 06880","50 CHARLES ST., WESTPORT, CT 06880",,,False,DIAMOND             ADAM,out_of_state_holdco,False,Adt Florida Llc,Adt Florida Llc,1.000,170.00,,2026-05-08T05:29:54.232977+00:00,,"[{""title_code"": ""MBR"", ""title"": ""MBR"", ""type"": ""Corporation"", ""name"": ""ADT PIZZA LLC"", ""addr"": ""50 CHARLES ST."", ""city"": ""WESTPORT"", ""state"": ""CT"", ""zip"": ""06880""}, {""title_code"": ""CEO"", ""title"": ""CEO"", ""type"": ""Person"", ""name"": ""DIAMOND             ADAM"", ""addr"": ""50 CHARLES ST."", ""city"": ""WESTPORT"", ""state"": ""CT"", ""zip"": ""06880""}]",85-3572002,FORL
company,"Jsix Subs, Inc.",,FL,FL,Jimmy John's,18,1,"JSIX SUBS, INC.",F22000005446,Active,FORP,08/23/2022,Out-of-state,ERICKSON            JOSEPH        C,Individual,True,"1259 BALBOA CT, MARCO ISLAND, FL 34145","145 N MERCHANT STREET, DECATUR, IL 62523","PO BOX 284, DECATUR, IL 62525",,,False,ERICKSON            JOSEPH        C,out_of_state_holdco,False,"Jsix Subs, Inc.","Jsix Subs, Inc.",1.000,170.00,,2026-05-08T05:29:54.232977+00:00,,"[{""title_code"": ""Dire"", ""title"": ""Dire"", ""type"": ""Person"", ""name"": ""ERICKSON            JOSEPH        C"", ""addr"": ""4045 MEADOW PARK DRIVE"", ""city"": ""DECATUR"", ""state"": ""IL"", ""zip"": ""62521""}, {""title_code"": ""Dire"", ""title"": ""Dire"", ""type"": ""Person"", ""name"": ""JONES               PHILLIP       N"", ""addr"": ""4110 BOWMAN ROAD"", ""city"": ""DECATUR"", ""state"": ""IL"", ""zip"": ""62521""}, {""title_code"": ""Secr"", ""title"": ""Secr"", ""type"": ""Person"", ""name"": ""Siudyla             Chris"", ""addr"": ""145 N. Merchant St."", ""city"": ""Decatur"", ""state"": ""IL"", ""zip"": ""62523""}, {""title_code"": ""Pres"", ""title"": ""Pres"", ""type"": ""Person"", ""name"": ""Miller              Andrew"", ""addr"": ""145 N. Merchant St."", ""city"": ""Decatur"", ""state"": ""IL"", ""zip"": ""62523""}, {""title_code"": ""CFO,"", ""title"": ""CFO,"", ""type"": ""Person"", ""name"": ""Robert              Swartz"", ""addr"": ""145 N. Merchant St."", ""city"": ""Decatur"", ""state"": ""IL"", ""zip"": ""62523""}]",883791908,FORP
person,David Michael Costa,David M Costa / David Michael Costa,FL,FL,McDonald's,18,1,"DAVID MICHAEL, INC.",651494,Inactive,DOMP,11/19/1979,Florida,RICHMAN             DAVID,Individual,True,"1300 LINCOLN RD APT 301, MIAMI, FL 33139","1300 LINCOLN RD, APT 301, MIAMI, FL 33139","5825 SUNSET DRIVE, SUITE 210, S MIAMI, FL 33143",,,True,RICHMAN             DAVID,owner_operator,False,david michael,david michael,0.667,16.67,"[{""name"": ""DAVID - MICHAEL, INC."", ""num"": ""646338"", ""status"": ""Inactive"", ""score"": 16.67}]",2026-05-08T05:29:54.232977+00:00,,"[{""title_code"": ""PSTD"", ""title"": ""PSTD"", ""type"": ""Person"", ""name"": ""RICHMAN             DAVID"", ""addr"": ""1300 LINCOLN RD APT 301"", ""city"": ""MIAMI"", ""state"": ""FL"", ""zip"": ""33139""}]",591971530,DOMP
company,"Furman/Furman'S, Inc.","Furman / Furman'S, Inc. / Furman/Furman'S, Inc.",FL,FL,Burger King,17,0,,,,,,,,,,,,,,,,,,,"Furman/Furman'S, Inc.","Furman/Furman'S, Inc.",,,,2026-05-08T05:29:54.233947+00:00,,,,
person,"Sheikh, Ahsan M.",,FL,FL,Domino's,17,0,,,,,,,,,,,,,,,,,,,"Sheikh, Ahsan M.","Sheikh, Ahsan M.",,,,2026-05-08T05:29:54.233947+00:00,,,,
company_with_owner,"Bengel'S Burgers, Llc (Charles Bengel)",,FL,FL,Five Guys,17,1,"BENGEL'S BURGERS, LLC",L06000008100,Active,FLAL,01/24/2006,Florida,BENGEL              CHRISTOPHER   B,Individual,True,"1316 EAST MICHIGAN ST., ORLANDO, FL 32806","1316 EAST MICHIGAN ST., ORLANDO, FL 32806","1316 EAST MICHIGAN ST., ORLANDO, FL 32806",,,True,BENGEL              CHARLES       W,owner_operator,False,"Bengel'S Burgers, Llc (Charles Bengel)","Bengel'S Burgers, Llc (Charles Bengel)",1.000,200.00,,2026-05-08T05:29:54.233947+00:00,,"[{""title_code"": ""MGR"", ""title"": ""MGR"", ""type"": ""Person"", ""name"": ""BENGEL              CHARLES       W"", ""addr"": ""5061 POLK AVE."", ""city"": ""ALEXANDRIA"", ""state"": ""VA"", ""zip"": ""22304""}, {""title_code"": ""MGRM"", ""title"": ""MGRM"", ""type"": ""Person"", ""name"": ""BENGEL              CHRISTOPHER   B"", ""addr"": ""1316 EAST MICHIGAN ST."", ""city"": ""ORLANDO"", ""state"": ""FL"", ""zip"": ""32806""}, {""title_code"": ""MGRM"", ""title"": ""MGRM"", ""type"": ""Person"", ""name"": ""BENGEL              CHARLES       W"", ""addr"": ""18831 KIPHEART DRIVE"", ""city"": ""LEESBURG"", ""state"": ""VA"", ""zip"": ""20176""}, {""title_code"": ""Memb"", ""title"": ""Memb"", ""type"": ""Person"", ""name"": ""Hatter              Lester"", ""addr"": ""182 Sand Dollar Rd"", ""city"": ""Indialantic"", ""state"": ""FL"", ""zip"": ""32903""}]",542191227,FLAL
person,"Babich, Scott Joseph",,FL,FL,Domino's,16,0,,,,,,,,,,,,,,,,,,,"Babich, Scott Joseph","Babich, Scott Joseph",,,,2026-05-08T05:29:54.233947+00:00,,,,
person,Anthony Lopez,,FL,FL,McDonald's,16,1,ANTHONY LOPEZ LLC,L18000053261,Inactive,FLAL,02/28/2018,Florida,LOPEZ               ANTHONY,Individual,True,"9106 Rodeo Dr, Lake Worth, FL 33467","9106 Rodeo Dr, Fl, Lake Worth, FL 33467","9106 Rodeo Dr, Fl, Lake Worth, FL 33467",,,True,LOPEZ               ANTHONY,owner_operator,False,Anthony Lopez,Anthony Lopez,1.000,50.00,,2026-05-08T05:29:54.233947+00:00,,"[{""title_code"": ""MGR"", ""title"": ""MGR"", ""type"": ""Person"", ""name"": ""LOPEZ               ANTHONY"", ""addr"": ""9106 Rodeo Dr"", ""city"": ""Lake Worth"", ""state"": ""FL"", ""zip"": ""33467""}]",82-4635733,FLAL
person,Rene D Veliz,,FL,FL,McDonald's,16,0,,,,,,,,,,,,,,,,,,,Rene D Veliz,Rene D Veliz,,,,2026-05-08T05:29:54.233947+00:00,,,,
company,Yogiraj Eight Llc,Yogiraj 12 Llc / Yogiraj 14 Llc / Yogiraj 17 Llc / Yogiraj 18 Llc / Yogiraj 19 Llc / Yogiraj Eight Llc / Yogiraj Five Llc / Yogiraj Four Llc / Yogiraj Nine Llc / Yogiraj One Llc / Yogiraj Seven Llc / Yogiraj Six Llc / Yogiraj Ten Llc / Yogiraj Three Llc / Yogiraj Two Llc,FL,FL,Dairy Queen,15,1,YOGIRAJ EIGHT LLC,L20000040360,Active,FLAL,02/03/2020,Florida,PATEL               PRAGNESHKUMAR,Individual,True,"1918 MEADOW CREST DR, APOPKA, FL 32712","1918 MEADOW CREST DR, APOPKA, FL 32712","11 NE 203RD AVE,, CROSS CITY, FL 32628",,,True,PATEL               PRAGNESHKUMAR,owner_operator,False,Yogiraj Eight Llc,Yogiraj Eight Llc,1.000,200.00,,2026-05-08T05:29:54.234949+00:00,,"[{""title_code"": ""MGRM"", ""title"": ""MGRM"", ""type"": ""Person"", ""name"": ""PATEL               PRAGNESHKUMAR"", ""addr"": ""1918 MEADOW CREST DR"", ""city"": ""APOPKA"", ""state"": ""FL"", ""zip"": ""32712""}, {""title_code"": ""MGRM"", ""title"": ""MGRM"", ""type"": ""Person"", ""name"": ""PATEL               Tanuja        P"", ""addr"": ""1918 MEADOW CREST DR"", ""city"": ""APOPKA"", ""state"": ""FL"", ""zip"": ""32712""}]",92-3097855,FLAL
person,Joseph L Cox,,FL,FL,McDonald's,15,0,,,,,,,,,,,,,,,,,,,Joseph L Cox,Joseph L Cox,,,,2026-05-08T05:29:54.234949+00:00,,,,
person,"Farace, Alvaro C.","Farace, Alvaro / Farace, Alvaro C.",FL,FL,Domino's,14,0,,,,,,,,,,,,,,,,,,,"Farace, Alvaro C.","Farace, Alvaro C.",,,,2026-05-08T05:29:54.234949+00:00,,,,
person,Bradley D Ashlin,,FL,FL,McDonald's,14,0,,,,,,,,,,,,,,,,,,,Bradley D Ashlin,Bradley D Ashlin,,,,2026-05-08T05:29:54.234949+00:00,,,,
person,James R Upchurch,,FL,FL,McDonald's,14,0,,,,,,,,,,,,,,,,,,,James R Upchurch,James R Upchurch,,,,2026-05-08T05:29:54.234949+00:00,,,,
company,Chestnut Land Company,,FLORIDA,FLORIDA | GEORGIA | MICHIGAN,Cinnabon | Jamba,13,1,CHESTNUT LAND COMPANY,F94000001177,Active,FORP,03/08/1994,Out-of-state,CORPORATION SERVICE COMPANY,Corporation,False,"1201 HAYS STREET, TALLAHASSEE, FL 323012525","100 DeBartolo PL, STE 300, YOUNGSTOWN, OH 44512","100 DeBartolo PL, STE 300, YOUNGSTOWN, OH 44512",,,False,MURANSKY            ED,out_of_state_holdco,False,Chestnut Land Company,Chestnut Land Company,1.000,170.00,,2026-05-08T05:29:54.234949+00:00,,"[{""title_code"": ""PCS"", ""title"": ""PCS"", ""type"": ""Person"", ""name"": ""MURANSKY            ED"", ""addr"": ""100 DeBartolo PL STE 300"", ""city"": ""YOUNGSTOWN"", ""state"": ""OH"", ""zip"": ""44512""}, {""title_code"": ""CFO"", ""title"": ""CFO"", ""type"": ""Person"", ""name"": ""Richmond            Craig"", ""addr"": ""100 DeBartolo PL STE 300"", ""city"": ""Youngstown"", ""state"": ""OH"", ""zip"": ""44512""}]",341715570,FORP
person,Michael G Potapow,,FL,FL,McDonald's,13,1,"MICHAEL G, INC.",P12000092064,Inactive,DOMP,11/02/2012,Florida,GAMBRELL            MICHAEL       W,Individual,True,"4631 PARKER CT, OVIEDO, FL 32765","4631 PARKER CT, OVIEDO, FL 32765","4631 PARKER CT, OVIEDO, FL 32765",,,True,GAMBRELL            MICHAEL       W,owner_operator,False,michael g,michael g,0.667,16.67,"[{""name"": ""MICHAEL G., INC."", ""num"": ""P04000018925"", ""status"": ""Inactive"", ""score"": 16.67}]",2026-05-08T05:29:54.235874+00:00,,"[{""title_code"": ""P"", ""title"": ""President"", ""type"": ""Person"", ""name"": ""GAMBRELL            MICHAEL       W"", ""addr"": ""4631 PARKER CT"", ""city"": ""OVIEDO"", ""state"": ""FL"", ""zip"": ""32765""}, {""title_code"": ""VP"", ""title"": ""VP"", ""type"": ""Person"", ""name"": ""GAMBRELL            MICHAEL       W"", ""addr"": ""4631 PARKER CT"", ""city"": ""OVIEDO"", ""state"": ""FL"", ""zip"": ""32765""}]",,DOMP
person,Saturnino Rodriguez,,FL,FL,McDonald's,13,0,,,,,,,,,,,,,,,,,,,Saturnino Rodriguez,Saturnino Rodriguez,,,,2026-05-08T05:29:54.235874+00:00,,,,
company,"Flg Chicken, Llc",,FL,FL,KFC,12,1,"FLG CHICKEN, LLC",M17000003552,Active,FORL,04/26/2017,Out-of-state,CORPORATION SERVICE COMPANY,Corporation,False,"1201 HAYS STREET, TALLAHASSEE, FL 323012525","1170 Celebration Blvd., CELEBRATION, FL 34747","1170 Celebration Blvd, CELEBRATION, FL 34747",,,False,ROSEN               ANDREW        J,out_of_state_holdco,True,"Flg Chicken, Llc","Flg Chicken, Llc",1.000,170.00,,2026-05-08T05:29:54.235874+00:00,,"[{""title_code"": ""CEO"", ""title"": ""CEO"", ""type"": ""Person"", ""name"": ""ROSEN               ANDREW        J"", ""addr"": ""1170 Celebration Blvd."", ""city"": ""CELEBRATION"", ""state"": ""FL"", ""zip"": ""34747""}, {""title_code"": ""CFO"", ""title"": ""CFO"", ""type"": ""Person"", ""name"": ""Hodgkins            Vikki         L"", ""addr"": ""1170 Celebration Blvd."", ""city"": ""CELEBRATION"", ""state"": ""FL"", ""zip"": ""34747""}, {""title_code"": ""Mana"", ""title"": ""Mana"", ""type"": ""Person"", ""name"": ""VanNostrand         Carl"", ""addr"": ""1170 Celebration Blvd."", ""city"": ""CELEBRATION"", ""state"": ""FL"", ""zip"": ""34747""}]",364866634,FORL
person,James E Marchant,,FL,FL,McDonald's,12,0,,,,,,,,,,,,,,,,,,,James E Marchant,James E Marchant,,,,2026-05-08T05:29:54.235874+00:00,,,,
company,Action Business Corp.,,FL,FL,Popeyes,12,1,ACTION BUSINESS CORP.,G08119,Active,DOMP,11/12/1982,Florida,Royal               Joshua        M,Individual,True,"324 SW 16 ST, BELLE GLADE, FL 33430","324 S.W. 16TH STREET, BELLE GLADE, FL 33430","324 S.W. 16TH STREET, BELLE GLADE, FL 33430",,,False,ROYAL               JOHN          C,owner_operator,False,Action Business Corp.,Action Business Corp.,1.000,200.00,"[{""name"": ""ACTION BUSINESS COMPANY, LLC"", ""num"": ""L22000108397"", ""status"": ""Inactive"", ""score"": 50.0}]",2026-05-08T05:29:54.236859+00:00,,"[{""title_code"": ""ST"", ""title"": ""ST"", ""type"": ""Person"", ""name"": ""HERRING             JAMES         M"", ""addr"": ""324 S.W. 16TH STREET"", ""city"": ""BELLE GLADE"", ""state"": ""FL"", ""zip"": ""33430""}, {""title_code"": ""VP"", ""title"": ""VP"", ""type"": ""Person"", ""name"": ""ROYAL               JEFFREY       L"", ""addr"": ""324 SW 16 ST"", ""city"": ""BELLE GLADE"", ""state"": ""FL"", ""zip"": ""33430""}, {""title_code"": ""P"", ""title"": ""President"", ""type"": ""Person"", ""name"": ""ROYAL               JOHN          C"", ""addr"": ""324 SW 16 ST"", ""city"": ""BELLE GLADE"", ""state"": ""FL"", ""zip"": ""33430""}, {""title_code"": ""Trea"", ""title"": ""Trea"", ""type"": ""Person"", ""name"": ""Royal               Joshua        M"", ""addr"": ""324 S.W. 16TH STREET"", ""city"": ""BELLE GLADE"", ""state"": ""FL"", ""zip"": ""33430""}]",592240972,DOMP
company,"Metro Chicken Of Hialeah Gardens, Llc","Metro Chicken Of Calle Ocho, Llc / Metro Chicken Of Coral Springs, Llc / Metro Chicken Of Davie, Llc / Metro Chicken Of Hialeah Gardens, Llc / Metro Chicken Of Hollywood Llc / Metro Chicken Of Key West, Llc / Metro Chicken Of Lauderhill Two, Llc / Metro Chicken Of Lauderhill, Llc / Metro Chicken Of Miramar, Llc / Metro Chicken Of Oakland Park, Llc / Metro Chicken Of Pembroke Pines, Llc / Metro Chicken Of Pompano, Llc",FL,FL,Popeyes,12,1,"METRO CHICKEN OF HIALEAH GARDENS, LLC",L21000291251,Active,FLAL,06/23/2021,Florida,VEGA                DARREN,Individual,True,"3815 NW 49TH STREET, TAMARAC, FL 33309","9490 WEST OKEECHOBEE ROAD, HIALEAH GARDENS, FL 33016","3815 NW 49TH STREET, TAMARAC, FL 33309",,,False,ZAIDERMAN           JASON,owner_operator,False,"Metro Chicken Of Hialeah Gardens, Llc","Metro Chicken Of Hialeah Gardens, Llc | metro chicken",1.000,200.00,"[{""name"": ""METRO CHICKEN, LLC"", ""num"": ""L21000328306"", ""status"": ""Active"", ""score"": 140.0}]",2026-05-08T05:29:54.236859+00:00,,"[{""title_code"": ""MGR"", ""title"": ""MGR"", ""type"": ""Person"", ""name"": ""ZAIDERMAN           JASON"", ""addr"": ""1804 Eleuthera Point O-2"", ""city"": ""Coconut Creek"", ""state"": ""FL"", ""zip"": ""33066""}, {""title_code"": ""MGR"", ""title"": ""MGR"", ""type"": ""Person"", ""name"": ""COUREMBIS           JOHN"", ""addr"": ""730 ELEVENTH STREET, NW, SUITE 600"", ""city"": ""WASHINGTON"", ""state"": ""DC"", ""zip"": ""20001""}, {""title_code"": ""MGR"", ""title"": ""MGR"", ""type"": ""Person"", ""name"": ""Vega                Darren"", ""addr"": ""3815 NW 49TH STREET"", ""city"": ""TAMARAC"", ""state"": ""FL"", ""zip"": ""33309""}]",87-1367529,FLAL
company_with_owner,"Yukon Broward, Llc (Reas Kondraschow And Yanmei Gao)",,FL,FL,Five Guys,11,1,"YUKON BROWARD, LLC",L14000167111,Active,FLAL,10/27/2014,Florida,STAINTON            WILLIAM       M,Individual,True,"201 N. FRANKLIN STREET, TAMPA, FL 33602","6278 N Federal Highway, Suite 284, Ft. Lauderdale, FL 33308","6278 N Federal Highway, Suite 284, Ft. Lauderdale, FL 33308",,,False,KONDRASCHOW         REAS,owner_operator,False,"Yukon Broward, Llc (Reas Kondraschow And Yanmei Gao)","Yukon Broward, Llc (Reas Kondraschow And Yanmei Gao)",1.000,200.00,,2026-05-08T05:29:54.236859+00:00,,"[{""title_code"": ""MGR"", ""title"": ""MGR"", ""type"": ""Person"", ""name"": ""KONDRASCHOW         REAS"", ""addr"": ""6278 N Federal Highway"", ""city"": ""Ft. Lauderdale"", ""state"": ""FL"", ""zip"": ""33308""}]",47-2371474,FLAL
person,Andrew T Fenton,,FL,FL,McDonald's,11,0,,,,,,,,,,,,,,,,,,,Andrew T Fenton,Andrew T Fenton,,,,2026-05-08T05:29:54.236859+00:00,,,,
person,Frank F Chalfont,,FL,FL,McDonald's,11,0,,,,,,,,,,,,,,,,,,,Frank F Chalfont,Frank F Chalfont,,,,2026-05-08T05:29:54.236859+00:00,,,,
person,Michael R Yontz,,FL,FL,McDonald's,11,0,,,,,,,,,,,,,,,,,,,Michael R Yontz,Michael R Yontz,,,,2026-05-08T05:29:54.236859+00:00,,,,
person,Ania Nitzsche,,FL,FL,McDonald's,11,0,,,,,,,,,,,,,,,,,,,Ania Nitzsche,Ania Nitzsche,,,,2026-05-08T05:29:54.236859+00:00,,,,
person,Clinton Gulley,,FL,FL,McDonald's,11,0,,,,,,,,,,,,,,,,,,,Clinton Gulley,Clinton Gulley,,,,2026-05-08T05:29:54.236859+00:00,,,,
person,William J Garcia,,FL,FL,McDonald's,11,1,"WILLIAM J., INC.",P07000057478,Inactive,DOMP,05/14/2007,Florida,RODRIGUEZ           WILLIAM,Individual,True,"3541 VICTORIA PARK ROAD, JACKSONVILLE, FL 32216","3541 VICTORIA PARK ROAD, # 313, JACKSONVILLE, FL 32216","3541 VICTORIA PARK ROAD, # 313, JACKSONVILLE, FL 32216",,,True,RODRIGUEZ           WILLIAM,owner_operator,False,william j,william j,0.667,16.67,,2026-05-08T05:29:54.236859+00:00,,"[{""title_code"": ""P"", ""title"": ""President"", ""type"": ""Person"", ""name"": ""RODRIGUEZ           WILLIAM"", ""addr"": ""3541 VICTORIA PARK ROAD"", ""city"": ""JACKSONVILLE"", ""state"": ""FL"", ""zip"": ""32216""}]",260174796,DOMP
company,"Gdf Partners Florida, Llc",,FL,FL,Buffalo Wild Wings,10,1,"GDF PARTNERS FLORIDA, LLC",M21000012156,Active,FORL,09/10/2021,Out-of-state,"NRAI SERVICES, INC.",Corporation,False,"1200 SOUTH PINE ISLAND ROAD, PLANTATION, FL 33324","83 Cambridge St, Ste 2B, Burlington, MA 01803","83 Cambridge St, Ste 2B, Burlington, MA 01803",,,False,FELLOWS             GEORGE,out_of_state_holdco,False,"Gdf Partners Florida, Llc","Gdf Partners Florida, Llc",1.000,170.00,,2026-05-08T05:29:54.237867+00:00,,"[{""title_code"": ""MEM"", ""title"": ""MEM"", ""type"": ""Person"", ""name"": ""FELLOWS             GEORGE"", ""addr"": ""462 MARINER DRIVE"", ""city"": ""JUPITER"", ""state"": ""FL"", ""zip"": ""33477""}, {""title_code"": ""MEM"", ""title"": ""MEM"", ""type"": ""Person"", ""name"": ""FELLOWS             DIANE         DR."", ""addr"": ""462 MARINER DRIVE"", ""city"": ""JUPITER"", ""state"": ""FL"", ""zip"": ""33477""}]",872080307,FORL
company,"Camp And Fore Ii, Llc","Camp And Fore Ii, Llc / Camp And Fore, Llc / Camp/Fore",FL,FL,Burger King,10,1,"CAMP AND FORE II, LLC",L07000111251,Active,FLAL,11/02/2007,Florida,CAMP                KEVIN         B,Individual,True,"943 S.E. FORT KING STREET, OCALA, FL 34471","943 S.E. FORT KING STREET, OCALA, FL 34471","943 S.E. FORT KING STREET, OCALA, FL 34471",,,True,CAMP                KEVIN         B,owner_operator,False,"Camp And Fore Ii, Llc","Camp And Fore Ii, Llc | camp and fore",1.000,200.00,"[{""name"": ""CAMP AND FORE, LLC"", ""num"": ""L01000018311"", ""status"": ""Active"", ""score"": 175.0}]",2026-05-08T05:29:54.237867+00:00,,"[{""title_code"": ""MGR"", ""title"": ""MGR"", ""type"": ""Person"", ""name"": ""CAMP                KEVIN         B"", ""addr"": ""943 SE FT KING ST"", ""city"": ""OCALA"", ""state"": ""FL"", ""zip"": ""34471""}, {""title_code"": ""MGR"", ""title"": ""MGR"", ""type"": ""Person"", ""name"": ""FORE III            MERRITT       C"", ""addr"": ""943 SE FT KING ST"", ""city"": ""OCALA"", ""state"": ""FL"", ""zip"": ""34471""}, {""title_code"": ""Auth"", ""title"": ""Auth"", ""type"": ""Person"", ""name"": ""CLIFFORD            KRISTEN       C"", ""addr"": ""943 SE FT KING ST"", ""city"": ""OCALA"", ""state"": ""FL"", ""zip"": ""34471""}, {""title_code"": ""Auth"", ""title"": ""Auth"", ""type"": ""Person"", ""name"": ""FORE                MAC           P"", ""addr"": ""943 SE FT KING ST"", ""city"": ""OCALA"", ""state"": ""FL"", ""zip"": ""34471""}]",261383921,FLAL
person,"Traenkner, Richard C.",,FL,FL,Domino's,10,0,,,,,,,,,,,,,,,,,,,"Traenkner, Richard C.","Traenkner, Richard C.",,,,2026-05-08T05:29:54.237867+00:00,,,,
company,E.A.P. Management Corp.,,FL,FL,KFC,10,1,E.A.P. MANAGEMENT CORP.,429730,Active,DOMP,07/03/1973,Florida,SREBRENIK           BURT,Individual,True,"2501 HOLLYWOOD BLVD. #220, HOLLYWOOD, FL 330206632","2501 HOLLYWOOD BLVD #220, HOLLYWOOD, FL 33020-6632","2501 HOLLYWOOD BLVD #220, HOLLYWOOD, FL 33020-6632",,,False,SREBRENIK           BURT,owner_operator,False,E.A.P. Management Corp.,E.A.P. Management Corp.,1.000,200.00,,2026-05-08T05:29:54.238960+00:00,,"[{""title_code"": ""P"", ""title"": ""President"", ""type"": ""Person"", ""name"": ""SREBRENIK           BURT"", ""addr"": ""2501 HOLLYWOOD BLVD SUITE 220"", ""city"": ""HOLLYWOOD"", ""state"": ""FL"", ""zip"": ""33020""}, {""title_code"": ""VP"", ""title"": ""VP"", ""type"": ""Person"", ""name"": ""RODRIG              ROTEM"", ""addr"": ""2501 HOLLYWOOD BLVD SUITE 220"", ""city"": ""HOLLYWOOD"", ""state"": ""FL"", ""zip"": ""330206632""}, {""title_code"": ""VP"", ""title"": ""VP"", ""type"": ""Person"", ""name"": ""SOLOMON             JOANNE"", ""addr"": ""2501 HOLLYWOOD BLVD SUITE 220"", ""city"": ""HOLLYWOOD"", ""state"": ""FL"", ""zip"": ""330206632""}, {""title_code"": ""Assi"", ""title"": ""Assi"", ""type"": ""Person"", ""name"": ""Carlton             Jane"", ""addr"": ""2501 HOLLYWOOD BLVD #220"", ""city"": ""HOLLYWOOD"", ""state"": ""FL"", ""zip"": ""330206632""}]",591467601,DOMP
person,Rachel Prado Millan,,FL,FL,McDonald's,10,0,,,,,,,,,,,,,,,,,,,Rachel Prado Millan,Rachel Prado Millan,,,,2026-05-08T05:29:54.238960+00:00,,,,
person,Edgard Gerena,,FL,FL,McDonald's,10,0,,,,,,,,,,,,,,,,,,,Edgard Gerena,Edgard Gerena,,,,2026-05-08T05:29:54.238960+00:00,,,,
person,"Vivas, Gaston",,FL,FL,Domino's,9,0,,,,,,,,,,,,,,,,,,,"Vivas, Gaston","Vivas, Gaston",,,,2026-05-08T05:29:54.238960+00:00,,,,
company_with_owner,"M Assets, Llc (Dan Beaulieu)",,FL,FL,Five Guys,9,1,"M ASSETS, LLC",L07000024861,Active,FLAL,03/06/2007,Florida,Beaulieu            Daniel,Individual,True,"9288 Palm Island Circle, North Fort Myers, FL 33903","1860 NE PINE ISLAND ROAD, SUITE 210, CAPE CORAL, FL 33909","9219 BLUE SAGE ROAD, CLINTON, IL 61727",,,False,MARTIN              RANDY         J,owner_operator,False,"M Assets, Llc (Dan Beaulieu)","M Assets, Llc (Dan Beaulieu)",1.000,200.00,,2026-05-08T05:29:54.239893+00:00,,"[{""title_code"": ""MGRM"", ""title"": ""MGRM"", ""type"": ""Person"", ""name"": ""MARTIN              RANDY         J"", ""addr"": ""9219 BLUE SAGE ROAD"", ""city"": ""CLINTON"", ""state"": ""IL"", ""zip"": ""61727""}, {""title_code"": ""MGRM"", ""title"": ""MGRM"", ""type"": ""Person"", ""name"": ""BEAULIEU            DANIEL"", ""addr"": ""9288 Palm Island Circle"", ""city"": ""N FT MYERS"", ""state"": ""FL"", ""zip"": ""33903""}, {""title_code"": ""Auth"", ""title"": ""Auth"", ""type"": ""Person"", ""name"": ""Beaulieu            Jeanne"", ""addr"": ""3150 Sea Trawler Bend #3"", ""city"": ""North Fort Myers"", ""state"": ""FL"", ""zip"": ""33903""}]",208916496,FLAL
company,Grak Concepts Llc,,FLORIDA,FLORIDA,Jamba,9,1,GRAK CONCEPTS LLC,M24000001310,Active,FORL,02/02/2024,Out-of-state,REGISTERED AGENTS INC,Corporation,False,"7901 4th St N, St. Petersburg, FL 33702","7901 4th St N, Ste 300, St. Petersburg, FL 33702","27422 N 22nd Lane, Phoenix, AZ 85085",,,True,Parikh              Rakesh,out_of_state_holdco,False,Grak Concepts Llc,Grak Concepts Llc,1.000,170.00,,2026-05-08T05:29:54.239893+00:00,,"[{""title_code"": ""Auth"", ""title"": ""Auth"", ""type"": ""Person"", ""name"": ""Parikh              Rakesh"", ""addr"": ""27422 N 22nd Lane"", ""city"": ""Phoenix"", ""state"": ""AZ"", ""zip"": ""85085""}]",85-3644006,FORL
person,Jose A Montes,,FL,FL,McDonald's,9,1,JOSE MONTES LLC,L13000056311,Inactive,FLAL,04/17/2013,Florida,MONTES              JOSE          L,Individual,True,"15066 MOULTRIE POINTE RD, ORLANDO, FL 32828","15066 MOULTRIE POINTE RD, ORLANDO, FL 32828","15066 MOULTRIE POINTE RD, ORLANDO, FL 32828",,,True,MONTES              JOSE          L,owner_operator,False,jose montes,jose montes,0.667,16.67,,2026-05-08T05:29:54.239893+00:00,,"[{""title_code"": ""MGR"", ""title"": ""MGR"", ""type"": ""Person"", ""name"": ""MONTES              JOSE          L"", ""addr"": ""15066 MOULTRIE POINT RD"", ""city"": ""ORLANDO"", ""state"": ""FL"", ""zip"": ""32828""}]",46-2587210,FLAL
person,Stefanie M Cabrera-Bentancourt,,FL,FL,McDonald's,9,0,,,,,,,,,,,,,,,,,,,Stefanie M Cabrera-Bentancourt,Stefanie M Cabrera-Bentancourt,,,,2026-05-08T05:29:54.239893+00:00,,,,
person,Timothy J Fenton,,FL,FL,McDonald's,9,0,,,,,,,,,,,,,,,,,,,Timothy J Fenton,Timothy J Fenton,,,,2026-05-08T05:29:54.239893+00:00,,,,
person,Anthony E Cabrera,,FL,FL,McDonald's,9,0,,,,,,,,,,,,,,,,,,,Anthony E Cabrera,Anthony E Cabrera,,,,2026-05-08T05:29:54.239893+00:00,,,,
person,David L Mullins,,FL,FL,McDonald's,9,1,DAVID L. CORP.,M72635,Inactive,DOMP,03/18/1988,Florida,"SILVERMAN, MARC A.B., JR.",Corporation,False,"1525 S. BELCHER RD., CLEARWATER, FL 34624","1525 SOUTH BELCHER RD., P.O. BOX 13256, CLEARWATER, FL 34621","1525 SOUTH BELCHER RD., P.O. BOX 13256, CLEARWATER, FL 34621",,,False,,service_agent,False,david l,david l,0.667,16.67,"[{""name"": ""DAVID L. CORP."", ""num"": ""F20806"", ""status"": ""Inactive"", ""score"": 16.67}]",2026-05-08T05:29:54.239893+00:00,,"[{""title_code"": ""D"", ""title"": ""Director"", ""type"": ""Corporation"", ""name"": ""LOW, DAVID L."", ""addr"": ""2844 LUCE DR., NORTH"", ""city"": ""CLEARWATER"", ""state"": ""FL"", ""zip"": """"}]",650199616,DOMP
person,Lanny G Sumpter,,FL,FL,McDonald's,9,0,,,,,,,,,,,,,,,,,,,Lanny G Sumpter,Lanny G Sumpter,,,,2026-05-08T05:29:54.239893+00:00,,,,
person,Leonardo Lopez,,FL,FL,McDonald's,9,0,,,,,,,,,,,,,,,,,,,Leonardo Lopez,Leonardo Lopez,,,,2026-05-08T05:29:54.240938+00:00,,,,
person,"Diaz, Nelson",,FL,FL,Domino's,8,0,,,,,,,,,,,,,,,,,,,"Diaz, Nelson","Diaz, Nelson",,,,2026-05-08T05:29:54.240938+00:00,,,,
person,"Reulbach, Anthony S.",,FL,FL,Domino's,8,0,,,,,,,,,,,,,,,,,,,"Reulbach, Anthony S.","Reulbach, Anthony S.",,,,2026-05-08T05:29:54.240938+00:00,,,,
company_with_owner,"Mpr Development, Llc (Patrick Tracy, Thomas Tracy, Matt Tracy, Ryan Tracy)",,FL,FL,Five Guys,8,1,"MPR DEVELOPMENT, LLC",L05000044936,Active,FLAL,05/06/2005,Florida,TRACY               PATRICK,Individual,True,"8666 SE Water Oak Place, Tequesta, FL 33469","8666 SE Water Oak Place, Tequesta, FL 33469","PO BOX 1147, JUPITER, FL 33468-1147",,,True,TRACY               PATRICK,owner_operator,False,"Mpr Development, Llc (Patrick Tracy, Thomas Tracy, Matt Tracy, Ryan Tracy)","Mpr Development, Llc (Patrick Tracy, Thomas Tracy, Matt Tracy, Ryan Tracy)",1.000,200.00,,2026-05-08T05:29:54.240938+00:00,,"[{""title_code"": ""MGRM"", ""title"": ""MGRM"", ""type"": ""Person"", ""name"": ""TRACY               PATRICK"", ""addr"": ""PO BOX 1147"", ""city"": ""JUPITER"", ""state"": ""FL"", ""zip"": ""33468""}]",203606009,FLAL
company,"Fort Group Oviedo, Inc.","Fort Group 1221, Inc. / Fort Group 1456, Inc. / Fort Group 1457, Inc. / Fort Group 1578, Inc. / Fort Group 1751, Inc. / Fort Group 4553, Inc. / Fort Group Fl, Inc. / Fort Group Oviedo, Inc.",FL,FL,Jimmy John's,8,1,"FORT GROUP OVIEDO, INC.",P24000061655,Active,DOMP,09/26/2024,Florida,CORPORATION SERVICE COMPANY,Corporation,False,"1201 HAYS STREET, TALLAHASSEE, FL 32301","1400 BROOK DR., DOWNERS GROVE, IL 60515","1400 BROOK DR., DOWNERS GROVE, IL 60515",,,False,FORT                JEFFREY       SJR.,owner_operator,True,"Fort Group Oviedo, Inc.","Fort Group Oviedo, Inc.",1.000,200.00,,2026-05-08T05:29:54.240938+00:00,,"[{""title_code"": ""DIR"", ""title"": ""DIR"", ""type"": ""Person"", ""name"": ""FORT                JEFFREY       SJR."", ""addr"": ""1400 BROOK DR."", ""city"": ""DOWNERS GROVE"", ""state"": ""IL"", ""zip"": ""60515""}, {""title_code"": ""P"", ""title"": ""President"", ""type"": ""Person"", ""name"": ""FORT                JEFFREY       SJR."", ""addr"": ""1400 BROOK DR."", ""city"": ""DOWNERS GROVE"", ""state"": ""IL"", ""zip"": ""60515""}, {""title_code"": ""SEC"", ""title"": ""SEC"", ""type"": ""Person"", ""name"": ""JEFFREY             ERICKSON      T"", ""addr"": ""1400 BROOK DR."", ""city"": ""DOWNERS GROVE"", ""state"": ""IL"", ""zip"": ""60515""}, {""title_code"": ""TREA"", ""title"": ""TREA"", ""type"": ""Person"", ""name"": ""JEFFREY             ERICKSON      TJR."", ""addr"": ""1400 BROOK DR."", ""city"": ""DOWNERS GROVE"", ""state"": ""IL"", ""zip"": ""60515""}]",99-5126990,DOMP
company,"Phil Mook Enterprises, Inc.",,FL,FL,KFC,8,1,"PHIL MOOK ENTERPRISES, INC.",386698,Active,DOMP,08/09/1971,Florida,MOOK                CHRISTOPHER,Individual,True,"1108 W. BRANDON BLVD., BRANDON, FL 33511","1108 W. BRANDON BLVD., BRANDON, FL 33511","1108 W. BRANDON BLVD., BRANDON, FL 33511",,,True,MOOK                CHRISTOPHER   C,owner_operator,False,"Phil Mook Enterprises, Inc.","Phil Mook Enterprises, Inc.",1.000,200.00,,2026-05-08T05:29:54.240938+00:00,,"[{""title_code"": ""P"", ""title"": ""President"", ""type"": ""Person"", ""name"": ""MOOK                CHRISTOPHER   C"", ""addr"": ""1108 W. BRANDON BLVD."", ""city"": ""BRANDON"", ""state"": ""FL"", ""zip"": ""33511""}, {""title_code"": ""Dire"", ""title"": ""Dire"", ""type"": ""Person"", ""name"": ""GORBICS             PAMELA"", ""addr"": ""1108 W. BRANDON BLVD."", ""city"": ""BRANDON"", ""state"": ""FL"", ""zip"": ""33511""}, {""title_code"": ""VP,"", ""title"": ""VP,"", ""type"": ""Person"", ""name"": ""MOOK                JENNIFER      L"", ""addr"": ""1108 W. BRANDON BLVD."", ""city"": ""BRANDON"", ""state"": ""FL"", ""zip"": ""33511""}]",591362247,DOMP
person,Jennie Illas Rincon,,FL,FL,McDonald's,8,0,,,,,,,,,,,,,,,,,,,Jennie Illas Rincon,Jennie Illas Rincon,,,,2026-05-08T05:29:54.240938+00:00,,,,
person,Andree Kocian,,FL,FL,McDonald's,8,0,,,,,,,,,,,,,,,,,,,Andree Kocian,Andree Kocian,,,,2026-05-08T05:29:54.240938+00:00,,,,
person,Alex C Rodriguez,,FL,FL,McDonald's,8,1,"ALEX. C. RODRIGUEZ,LLC",L24000306276,Active,FLAL,07/09/2024,Florida,CARRILLO-RODRIGUEZ  ALEJANDRO,Individual,True,"11727 ABESS BLVD, JACKSONVILLE, FL 32225","1140 kendall town blvd, JACKSONVILLE, FL 32225","1140 kendall town blvd, JACKSONVILLE, FL 32225",,,False,CARRILLO-RODRIGUEZ  ALEJANDRO,owner_operator,False,Alex C Rodriguez,Alex C Rodriguez | alex c,1.000,200.00,"[{""name"": ""ALEX C, LLC"", ""num"": ""L21000500879"", ""status"": ""Active"", ""score"": 166.67}, {""name"": ""ALEX C INC."", ""num"": ""P08000070938"", ""status"": ""Inactive"", ""score"": 16.67}]",2026-05-08T05:29:54.241960+00:00,,"[{""title_code"": ""AP"", ""title"": ""AP"", ""type"": ""Person"", ""name"": ""CARRILLO-RODRIGUEZ  ALEJANDRO"", ""addr"": ""11727 ABESS BLVD UNIT 2212"", ""city"": ""JACKSONVILLE"", ""state"": ""FL"", ""zip"": ""32225""}]",99-4057146,FLAL
person,Ryan Allman,,FL,FL,McDonald's,8,0,,,,,,,,,,,,,,,,,,,Ryan Allman,Ryan Allman,,,,2026-05-08T05:29:54.241960+00:00,,,,
company,Friends Business Enterprises Seven Llc,"Friends Business Enterprise Five Llc / Friends Business Enterprise Four Llc / Friends Business Enterprise One, Llc / Friends Business Enterprise Three Llc / Friends Business Enterprise Two, Llc / Friends Business Enterprises Seven Llc / Friends Business Enterprises Six Llc",FL,FL,Burger King,7,0,,,,,,,,,,,,,,,,,,,Friends Business Enterprises Seven Llc,Friends Business Enterprises Seven Llc,,,,2026-05-08T05:29:54.241960+00:00,,,,
company,"Areas Usa Fltp, Llc","Areas Usa Fltp, Llc / Areas Usa Fltp,Llc",FL,FL,Burger King | KFC | Pizza Hut,7,1,"AREAS USA FLTP, LLC",L08000112335,Active,FLAL,12/08/2008,Florida,Corporation Service Company,Corporation,False,"1201 Hays Street, Tallahassee, FL 32301","5301 Blue Lagoon Drive, Suite 690, Miami, FL 33126","5301 Blue Lagoon Drive, Suite 690, Miami, FL 33126",,,False,Bernal              Carlos,owner_operator,False,"Areas Usa Fltp, Llc","Areas Usa Fltp, Llc | areas usa",1.000,200.00,"[{""name"": ""AREAS USA, INC."", ""num"": ""P05000069589"", ""status"": ""Active"", ""score"": 166.67}]",2026-05-08T05:29:54.241960+00:00,,"[{""title_code"": ""Mana"", ""title"": ""Mana"", ""type"": ""Person"", ""name"": ""Bernal              Carlos"", ""addr"": ""5301 Blue Lagoon Drive"", ""city"": ""Miami"", ""state"": ""FL"", ""zip"": ""33126""}, {""title_code"": ""CDO"", ""title"": ""CDO"", ""type"": ""Person"", ""name"": ""Schneider           Richard"", ""addr"": ""5301 Blue Lagoon Drive"", ""city"": ""Miami"", ""state"": ""FL"", ""zip"": ""33126""}, {""title_code"": ""VP o"", ""title"": ""VP o"", ""type"": ""Person"", ""name"": ""Serrtos             Jose          A"", ""addr"": ""5301 Blue Lagoon Drive"", ""city"": ""Miami"", ""state"": ""FL"", ""zip"": ""33126""}]",263965820,FLAL
person,"Soto, Christa E.",,FL,FL,Domino's,7,0,,,,,,,,,,,,,,,,,,,"Soto, Christa E.","Soto, Christa E.",,,,2026-05-08T05:29:54.242974+00:00,,,,
company_with_owner,"Vista Interprises, Llc (John Nguyen And Anh Pham)",,FL,FL,Five Guys,7,1,"VISTA INTERPRISES, L.L.C.",L07000102971,Inactive,FLAL,10/10/2007,Florida,NGUYEN              JOHN,Individual,True,"7074 US HWY 19 NORTH, PINELLAS PARK, FL 33781","7074 US HWY 19 NORTH, PINELLAS PARK, FL 33781","7074  US HWY 19 N, PINELLAS PARK, FL 33781",,,True,Nguyen              John,owner_operator,False,"Vista Interprises, Llc (John Nguyen And Anh Pham)","Vista Interprises, Llc (John Nguyen And Anh Pham)",1.000,50.00,,2026-05-08T05:29:54.242974+00:00,,"[{""title_code"": ""MGR"", ""title"": ""MGR"", ""type"": ""Person"", ""name"": ""Nguyen              John"", ""addr"": ""7074  US HWY 19 N"", ""city"": ""PINELLAS PARK"", ""state"": ""FL"", ""zip"": ""33781""}]",852094809,FLAL
company,"M&R Foods Management, Llc","M & R Foods Iii, Llc / M & R Foods Iv, Llc / M & R Foods V, Llc / M & R Foods Vi, Llc / M & R Foods Vii, Llc / M & R Foods, Llc / M&R Foods Management, Llc",FL,FL,Jimmy John's,7,1,"M & R FOODS MANAGEMENT, L.L.C.",L02000025445,Active,FLAL,09/26/2002,Florida,SANDBERG            MARC,Individual,True,"46 BRIDLE GATE DR, CRAWFORDVILLE, FL 32327","1450 Timberlane Rd, Tallahassee, FL 32312","46 Bridle Gate Dr, CRAWFORDVILLE, FL 32327",,,False,Sandberg            Robert        K,owner_operator,False,"M&R Foods Management, Llc","M&R Foods Management, Llc | m and r | m and",1.000,200.00,"[{""name"": ""M&R COMPANY LLC"", ""num"": ""L22000086312"", ""status"": ""Active"", ""score"": 160.0}, {""name"": ""M & CO. LLC"", ""num"": ""L25000445800"", ""status"": ""Active"", ""score"": 140.0}, {""name"": ""M&R, LLC"", ""num"": ""L04000047950"", ""status"": ""Inactive"", ""score"": 10.0}, {""name"": ""M & R, INC."", ""num"": ""J04422"", ""status"": ""Inactive"", ""score"": 10.0}, {""name"": ""M & R COMPANY"", ""num"": ""565492"", ""status"": ""Inactive"", ""score"": 10.0}]",2026-05-08T05:29:54.243982+00:00,,"[{""title_code"": ""MGRM"", ""title"": ""MGRM"", ""type"": ""Person"", ""name"": ""Sandberg            Robert        K"", ""addr"": ""46 Bridle Gate Dr"", ""city"": ""CRAWFORDVILLE"", ""state"": ""FL"", ""zip"": ""32327""}, {""title_code"": ""MGRM"", ""title"": ""MGRM"", ""type"": ""Person"", ""name"": ""SANDBERG            MARC"", ""addr"": ""46 Bridle Gate Dr"", ""city"": ""CRAWFORDVILLE"", ""state"": ""FL"", ""zip"": ""32327""}]",421552663,FLAL
company,Qsr East Llc,,FL,AL | FL | NY,KFC,7,1,QSR EAST LLC,M20000010999,Active,FORL,12/02/2020,Out-of-state,CORPORATION SERVICE COMPANY,Corporation,False,"1201 HAYS ST, TALLAHASSEE, FL 32301","24 Outwater Lane, Garfield, NJ 07026","24 Outwater Lane, Garfield, NJ 07026",,,False,Blob                Jonathan,out_of_state_holdco,False,Qsr East Llc,Qsr East Llc,1.000,170.00,,2026-05-08T05:29:54.244970+00:00,,"[{""title_code"": ""Memb"", ""title"": ""Memb"", ""type"": ""Person"", ""name"": ""Blob                Jonathan"", ""addr"": ""24 Outwater Lane"", ""city"": ""Garfield"", ""state"": ""NJ"", ""zip"": ""07026""}, {""title_code"": ""Auth"", ""title"": ""Auth"", ""type"": ""Person"", ""name"": ""Green               Craig"", ""addr"": ""24 Outwater Lane"", ""city"": ""Garfield"", ""state"": ""NJ"", ""zip"": ""07026""}]",85-3759017,FORL
company,"K-Corp. Charlotte, Inc.","K-Corp. Charlotte, Inc. / K-Corp. Lee, Inc.",FL,FL,KFC,7,1,"K-CORP. CHARLOTTE, INC.",314642,Active,DOMP,03/10/1967,Florida,"GYARMATHY,JAMES P.",Corporation,False,"13180 N CLEVELAND AVE, NORTH FORT MYERS, FL 33903","13180 N. CLEVELAND AVE., SUITE 111, NORTH FORT MYERS, FL 33903","13180 N. CLEVELAND AVE., SUITE 111, NORTH FORT MYERS, FL 33903",,,True,,service_agent,False,"K-Corp. Charlotte, Inc.","K-Corp. Charlotte, Inc.",1.000,200.00,,2026-05-08T05:29:54.244970+00:00,,"[{""title_code"": ""PTSD"", ""title"": ""PTSD"", ""type"": ""Corporation"", ""name"": ""GYARMATHY,JAMES P."", ""addr"": ""13180 N.CLEVELAND AVE."", ""city"": ""NORTH FORT MYERS"", ""state"": ""FL"", ""zip"": ""33903""}]",591160583,DOMP
person,Jacquelyn Paris,,FL,FL,McDonald's,7,0,,,,,,,,,,,,,,,,,,,Jacquelyn Paris,Jacquelyn Paris,,,,2026-05-08T05:29:54.244970+00:00,,,,
person,Jose R Hernandez,,FL,FL,McDonald's,7,0,,,,,,,,,,,,,,,,,,,Jose R Hernandez,Jose R Hernandez,,,,2026-05-08T05:29:54.244970+00:00,,,,
person,Samuel R Houston,,FL,FL,McDonald's,7,0,,,,,,,,,,,,,,,,,,,Samuel R Houston,Samuel R Houston,,,,2026-05-08T05:29:54.244970+00:00,,,,
company,"Spring Hill Swamp Dawg, Llc","Blvd Swamp Dawg, Llc / Broad Swamp Dawg, Llc / Cortez Swamp Dawg, Llc / Ridge Road Swamp Dawg, Llc / Spring Hill Swamp Dawg, Llc / Swamp Dawg Ahbh, Llc / Swamp Dawg, Llc",FL,FL,Zaxby's,7,1,"SPRING HILL SWAMP DAWG, LLC",L17000149911,Active,FLAL,07/12/2017,Florida,HARPER              BRADFORD      L,Individual,True,"3353 S.W. 4TH AVENUE, OCALA, FL 34471","3353 S.W. 4TH AVENUE, OCALA, FL 34471","3353 S.W. 4TH AVENUE, OCALA, FL 34471",,,True,HARPER              BRADFORD      L,owner_operator,False,"Spring Hill Swamp Dawg, Llc","Spring Hill Swamp Dawg, Llc | spring hill",1.000,200.00,"[{""name"": ""SPRING HILL LLC"", ""num"": ""L03000001272"", ""status"": ""Inactive"", ""score"": 0.0}, {""name"": ""SPRING HILL, LLC"", ""num"": ""L06000016184"", ""status"": ""Inactive"", ""score"": 0.0}, {""name"": ""SPRING HILL CORPORATION"", ""num"": ""P19000003354"", ""status"": ""Inactive"", ""score"": 0.0}, {""name"": ""SPRING HILL COMPANY INC"", ""num"": ""175005"", ""status"": ""Inactive"", ""score"": 0.0}, {""name"": ""SPRING HILL CORPORATION"", ""num"": ""312006"", ""status"": ""Inactive"", ""score"": 0.0}]",2026-05-08T05:29:54.245972+00:00,,"[{""title_code"": ""MGR"", ""title"": ""MGR"", ""type"": ""Person"", ""name"": ""HARPER              BRADFORD      L"", ""addr"": ""3353 S.W. 4TH AVENUE"", ""city"": ""OCALA"", ""state"": ""FL"", ""zip"": ""34471""}]",82-2160811,FLAL
company,"Lee Wesley Restaurants, Llc","Lee Wesley Group, Llc / Lee Wesley Restaurants, Llc",FL,FL | NC | VA,Burger King,6,1,"LEE WESLEY RESTAURANTS, LLC",L04000032918,Active,FLAL,04/29/2004,Florida,CORPORATION SERVICE COMPANY,Corporation,False,"1201 HAYS STREET, TALLAHASSEE, FL 323012525","1030 N ORANGE AVE, SUITE 104, ORLANDO, FL 32801","PO BOX 540687, ORLANDO, FL 32854-0687",,,False,Lee                 Brandon,owner_operator,False,"Lee Wesley Restaurants, Llc","Lee Wesley Restaurants, Llc",1.000,200.00,,2026-05-08T05:29:54.246984+00:00,,"[{""title_code"": ""Dire"", ""title"": ""Dire"", ""type"": ""Person"", ""name"": ""Lee                 Brandon"", ""addr"": ""P.O. Box 540687"", ""city"": ""Orlando"", ""state"": ""FL"", ""zip"": ""32854""}, {""title_code"": ""MANA"", ""title"": ""MANA"", ""type"": ""Person"", ""name"": ""LEE-JOHNSON         CAMILLE"", ""addr"": ""1030 N ORANGE AVE"", ""city"": ""ORLANDO"", ""state"": ""FL"", ""zip"": ""32801""}]",52-2443624,FLAL
person,"Machin, Robert",,FL,FL,Domino's,6,0,,,,,,,,,,,,,,,,,,,"Machin, Robert","Machin, Robert",,,,2026-05-08T05:29:54.246984+00:00,,,,
person,"Nazari, Hassan",,FL,FL,Domino's,6,0,,,,,,,,,,,,,,,,,,,"Nazari, Hassan","Nazari, Hassan",,,,2026-05-08T05:29:54.246984+00:00,,,,
company,"Loroam, Inc.",,FLORIDA,FLORIDA,Little Caesars,6,1,"LOROAM, INC.",P02000121724,Inactive,DOMP,11/14/2002,Florida,LEATHERBERRY        DARRIN        T,Individual,True,"7000 Luth Rd, Molino, FL 32577","7000 Luth Rd, MOLINO, FL 32577","7000 Luth Rd, Molino, FL 32577",,,True,Leatherberry        Darrin        T,owner_operator,False,"Loroam, Inc.","Loroam, Inc.",1.000,50.00,,2026-05-08T05:29:54.246984+00:00,,"[{""title_code"": ""PS"", ""title"": ""PS"", ""type"": ""Person"", ""name"": ""Leatherberry        Darrin        T"", ""addr"": ""7000 Luth Rd"", ""city"": ""Molino"", ""state"": ""FL"", ""zip"": ""32577""}, {""title_code"": ""VP"", ""title"": ""VP"", ""type"": ""Person"", ""name"": ""Leatherberry        Amanda        H"", ""addr"": ""7000 Luth Rd"", ""city"": ""Molino"", ""state"": ""FL"", ""zip"": ""32577""}]",651168886,DOMP
person,Robert J Bateman,,FL,FL,McDonald's,6,0,,,,,,,,,,,,,,,,,,,Robert J Bateman,Robert J Bateman,,,,2026-05-08T05:29:54.246984+00:00,,,,
person,Steven A Nisbet,Steven A Nisbet / Steven Nisbet,FL,FL,McDonald's,6,0,,,,,,,,,,,,,,,,,,,Steven A Nisbet,Steven A Nisbet,,,,2026-05-08T05:29:54.246984+00:00,,,,
person,Brenda L Symons,,FL,FL,McDonald's,6,1,"BRENDA L., INC.",F14960,Inactive,DOMP,01/15/1981,Florida,"SWANSON, BRENDA L.",Corporation,False,"2641 NE 43RD ST, LIGHTHOUSE, FL 33064","C/O F. ROBERT SWANSON, 3124 NW 16TH TERR, POMPANO BEACH, FL 33064","C/O F. ROBERT SWANSON, 3124 NW 16TH TERR, POMPANO BEACH, FL 33064",,,False,,service_agent,False,brenda l,brenda l,0.667,16.67,,2026-05-08T05:29:54.247947+00:00,,"[{""title_code"": ""PST"", ""title"": ""PST"", ""type"": ""Corporation"", ""name"": ""SWANSON, BRENDA L"", ""addr"": ""2641 NE 43 ST"", ""city"": ""LIGHTHOUSE PT,  FL 00000"", ""state"": """", ""zip"": """"}]",591605008,DOMP
person,Thomas M Lisante,,FL,FL | GA,McDonald's,6,1,THOMAS M. INC.,P93000049795,Inactive,DOMP,07/12/1993,Florida,MEARS               THOMAS,Individual,True,"110 ST. CLOUD LANE, BOCA RATON, FL 33431","110 ST. CLOUD LANE, BOCA RATON, FL 33431","110 ST. CLOUD LANE, BOCA RATON, FL 33431",,,True,MEARS               THOMAS        W,owner_operator,False,thomas m,thomas m,0.667,16.67,,2026-05-08T05:29:54.247947+00:00,,"[{""title_code"": ""DP"", ""title"": ""DP"", ""type"": ""Person"", ""name"": ""MEARS               CAROL         B"", ""addr"": ""110 ST CLOUD LN"", ""city"": ""BOCA RATON"", ""state"": ""FL"", ""zip"": ""33431""}, {""title_code"": ""V"", ""title"": ""Vice President"", ""type"": ""Person"", ""name"": ""MEARS               THOMAS        W"", ""addr"": ""110 ST CLOUD LANE"", ""city"": ""BOCA RATON"", ""state"": ""FL"", ""zip"": ""33431""}]",650419987,DOMP
person,Mark Salebra,,FL,FL,McDonald's,6,0,,,,,,,,,,,,,,,,,,,Mark Salebra,Mark Salebra,,,,2026-05-08T05:29:54.247947+00:00,,,,
person,Joseph A Rodriguez,Jose Rodriguez / Joseph A Rodriguez,FL,FL,McDonald's,6,1,JOSEPH RODRIGUEZ LLC,L17000003784,Active,FLAL,01/05/2017,Florida,RODRIGUEZ           JOSEPH,Individual,True,"4628 TUCSON CT., VALRICO, FL 33594","4628 TUCSON CT., VALRICO, FL 33594","4628 TUCSON CT., VALRICO, FL 33594",,,True,RODRIGUEZ           JOSEPH,owner_operator,False,joseph rodriguez,joseph rodriguez,0.667,166.67,,2026-05-08T05:29:54.247947+00:00,,"[{""title_code"": ""AR"", ""title"": ""AR"", ""type"": ""Person"", ""name"": ""RODRIGUEZ           JOSEPH"", ""addr"": ""4628 TUCSON CT."", ""city"": ""VALRICO"", ""state"": ""FL"", ""zip"": ""33594""}]",81-5291525,FLAL
person,Gregg Oerther,,FL,FL,McDonald's,6,0,,,,,,,,,,,,,,,,,,,Gregg Oerther,Gregg Oerther,,,,2026-05-08T05:29:54.248946+00:00,,,,
person,Peter J Nowak,,FL,FL,McDonald's,6,0,,,,,,,,,,,,,,,,,,,Peter J Nowak,Peter J Nowak,,,,2026-05-08T05:29:54.248946+00:00,,,,
company,"Zaxbax Ocala, Llc",,FL,FL,Zaxby's,6,1,"ZAXBAX OCALA, LLC",L22000170087,Active,FLAL,04/08/2022,Florida,WHITE               JOHN,Individual,True,"2287 NW 49TH AVE, GAINESVILLE, FL 32605","3101 SW 34TH AVE, #905-232, OCALA, FL 34474","3101 SW 34TH AVE, #905-232, OCALA, FL 34474",,,False,JOINER              JUSTIN,owner_operator,True,"Zaxbax Ocala, Llc","Zaxbax Ocala, Llc",1.000,200.00,,2026-05-08T05:29:54.248946+00:00,,"[{""title_code"": ""MGR"", ""title"": ""MGR"", ""type"": ""Person"", ""name"": ""JOINER              JUSTIN"", ""addr"": ""3838 NW 26th st"", ""city"": ""Gainesville"", ""state"": ""FL"", ""zip"": ""32605""}, {""title_code"": ""MGR"", ""title"": ""MGR"", ""type"": ""Person"", ""name"": ""WHITE               JOHN"", ""addr"": ""2287 NW 49TH AVE"", ""city"": ""GAINESVILLE"", ""state"": ""FL"", ""zip"": ""32605""}, {""title_code"": ""MGR"", ""title"": ""MGR"", ""type"": ""Person"", ""name"": ""BAXLEY              ROBERT"", ""addr"": ""110 EAST COURT ST"", ""city"": ""GREENVILLE"", ""state"": ""SC"", ""zip"": ""29601""}]",881481840,FLAL
company,"Jackin, Inc.",,FL,FL,Burger King,5,1,JACKIN INCORPORATED,L57123,Active,DOMP,03/14/1990,Florida,Henry               Russell       D,Individual,True,"1 Independent Drive, Jacksonville, FL 32202","197 SW Waterford Court, Lake City, FL 32025","P O BOX 3116, Lake City, FL 32026",,,False,WARING              ELIZABETH     J,owner_operator,False,"Jackin, Inc.","Jackin, Inc.",1.000,200.00,,2026-05-08T05:29:54.248946+00:00,,"[{""title_code"": ""CEO"", ""title"": ""CEO"", ""type"": ""Person"", ""name"": ""WARING              ELIZABETH     J"", ""addr"": ""197 SW Waterford Court"", ""city"": ""Lake City"", ""state"": ""FL"", ""zip"": ""32025""}, {""title_code"": ""CFO,"", ""title"": ""CFO,"", ""type"": ""Person"", ""name"": ""Waring              Lucas         M"", ""addr"": ""197 SW Waterford Court"", ""city"": ""Lake City"", ""state"": ""FL"", ""zip"": ""32025""}]",593124959,DOMP
company,"Sun N' Fun Enterprises, Inc.",,FLORIDA,FLORIDA | TENNESSEE | TEXAS,Cinnabon | Jamba,5,1,"SUN N' FUN ENTERPRISES, INC.",P04000138937,Active,DOMP,10/06/2004,Florida,HOUPPERT            JAMES         R,Individual,True,"8843 KASTLER ST., ORLANDO, FL 32827","8843 KASTLER ST., ORLANDO, FL 32827","8843 KASTLER ST., ORLANDO, FL 32827",,,True,HOUPPERT            JAMES         R,owner_operator,False,"Sun N' Fun Enterprises, Inc.","Sun N' Fun Enterprises, Inc. | sun n fun",1.000,200.00,"[{""name"": ""SUN N FUN ENTERPRISES INC"", ""num"": ""231735"", ""status"": ""Inactive"", ""score"": 50.0}, {""name"": ""SUN 'N FUN LLC"", ""num"": ""L20000353693"", ""status"": ""Inactive"", ""score"": 25.0}]",2026-05-08T05:29:54.249953+00:00,,"[{""title_code"": ""VP,"", ""title"": ""VP,"", ""type"": ""Person"", ""name"": ""HOUPPERT            JAMES         R"", ""addr"": ""8843 KASTLER ST."", ""city"": ""ORLANDO"", ""state"": ""FL"", ""zip"": ""32827""}, {""title_code"": ""Pres"", ""title"": ""Pres"", ""type"": ""Person"", ""name"": ""DORR                TIMOTHY       S"", ""addr"": ""8843 KASTLER ST."", ""city"": ""ORLANDO"", ""state"": ""FL"", ""zip"": ""32827""}]",201726966,DOMP
person,"Ramia, Jose Y.",,FL,FL,Domino's,5,0,,,,,,,,,,,,,,,,,,,"Ramia, Jose Y.","Ramia, Jose Y.",,,,2026-05-08T05:29:54.249953+00:00,,,,
person,"Mullins, Erin M.",,FL,FL,Domino's,5,0,,,,,,,,,,,,,,,,,,,"Mullins, Erin M.","Mullins, Erin M.",,,,2026-05-08T05:29:54.249953+00:00,,,,
company_with_owner,"Collier Fg Holding, Llc (Patrick And Edward Sheridan)",,FL,FL,Five Guys,5,1,COLLIER FG HOLDING LLC,L23000142347,Active,FLAL,03/28/2023,Florida,"INCORPORATING SERVICES, LTD",Corporation,False,"1540 GLENWAY DR, TALLAHASSEE, FL 32301","23 Samuel Way, Chatham, NJ 07928","23 Samuel Way, Chatham, NJ 07928",,,False,SHERIDAN            EDWARD,owner_operator,False,"Collier Fg Holding, Llc (Patrick And Edward Sheridan)","Collier Fg Holding, Llc (Patrick And Edward Sheridan)",1.000,200.00,,2026-05-08T05:29:54.249953+00:00,,"[{""title_code"": ""MGR"", ""title"": ""MGR"", ""type"": ""Person"", ""name"": ""SHERIDAN            EDWARD"", ""addr"": ""23 Samuel Way"", ""city"": ""Chatham"", ""state"": ""NJ"", ""zip"": ""07928""}, {""title_code"": ""MGR"", ""title"": ""MGR"", ""type"": ""Person"", ""name"": ""SHERIDAN            PATRICK"", ""addr"": ""23 Samuel Way"", ""city"": ""Chatham"", ""state"": ""NJ"", ""zip"": ""07928""}, {""title_code"": ""MGR"", ""title"": ""MGR"", ""type"": ""Person"", ""name"": ""FLORENTINO          KELLY"", ""addr"": ""23 Samuel Way"", ""city"": ""Chatham"", ""state"": ""NJ"", ""zip"": ""07928""}]",92-3355551,FLAL
company,"Mitchell Management Of Florida, Inc.",,FL,FL,Jimmy John's,5,1,"MITCHELL MANAGEMENT OF FLORIDA, INC.",P13000058279,Active,DOMP,07/10/2013,Florida,Mitchell            Mark,Individual,True,"2311 N Tamiami Trl, Nokomis, FL 34275","2311 N Tamiami Trl, Nokomis, FL 34275","2311 N Tamiami Trl, Nokomis, FL 34275",,,True,MITCHELL            MARK          W,owner_operator,False,"Mitchell Management Of Florida, Inc.","Mitchell Management Of Florida, Inc.",1.000,200.00,"[{""name"": ""MITCHELL MANAGEMENT OF FLORIDA, LLC"", ""num"": ""L07000031176"", ""status"": ""Inactive"", ""score"": 50.0}]",2026-05-08T05:29:54.250907+00:00,,"[{""title_code"": ""P/T"", ""title"": ""P/T"", ""type"": ""Person"", ""name"": ""MITCHELL            MARK          W"", ""addr"": ""411 Vanderkloot Dr"", ""city"": ""Osprey"", ""state"": ""FL"", ""zip"": ""34229""}, {""title_code"": ""VP"", ""title"": ""VP"", ""type"": ""Person"", ""name"": ""Mitchell            Lori"", ""addr"": ""411 Vanderkloot Dr"", ""city"": ""Osprey"", ""state"": ""FL"", ""zip"": ""34229""}, {""title_code"": ""S"", ""title"": ""Secretary"", ""type"": ""Person"", ""name"": ""MITCHELL            MARK          W"", ""addr"": ""411 VANDERKLOOT DR"", ""city"": ""OSPREY"", ""state"": ""FL"", ""zip"": ""34229""}]",463160564,DOMP
company,"Kdab Foods, Llc",,FL,FL,Jimmy John's,5,1,KDAB FOODS LLC,L23000009867,Active,FLAL,01/04/2023,Florida,COPELAND            DARRYL        WIII,Individual,True,"783 NW Forrest Dr., Stuart, FL 34994","783 NW Forrest Dr., Stuart, FL 34994","783 NW Forrest Dr., Stuart, FL 34994",,,True,MORALES             EDUARDO       G,owner_operator,False,"Kdab Foods, Llc","Kdab Foods, Llc",1.000,200.00,,2026-05-08T05:29:54.250907+00:00,,"[{""title_code"": ""MGR"", ""title"": ""MGR"", ""type"": ""Corporation"", ""name"": ""COPELAND, DARRYL, W, III, TRUSTEE"", ""addr"": ""783 NW Forrest Dr."", ""city"": ""Stuart"", ""state"": ""FL"", ""zip"": ""34994""}, {""title_code"": ""MGR"", ""title"": ""MGR"", ""type"": ""Person"", ""name"": ""MORALES             EDUARDO       G"", ""addr"": ""3661 S. Clyde Morris Blvd"", ""city"": ""Port Orange"", ""state"": ""FL"", ""zip"": ""32129""}]",92-1557334,FLAL
company,"Sea Titan Enterprises, Llc",,FLORIDA,FLORIDA,Little Caesars,5,1,SEA TITAN ENTERPRISES LLC,L12000044804,Active,FLAL,04/02/2012,Florida,SAMPLEY             CHARLES       P,Individual,True,"55 CANTON ROAD, LAKE WORTH, FL 33467","55 CANTON ROAD, LAKE WORTH, FL 33467","55 CANTON ROAD, LAKE WORTH, FL 33467",,,True,SAMPLEY             CHARLES       P,owner_operator,False,"Sea Titan Enterprises, Llc","Sea Titan Enterprises, Llc | sea titan",1.000,200.00,"[{""name"": ""SEA TITAN LLC"", ""num"": ""L08000069415"", ""status"": ""Inactive"", ""score"": 16.67}]",2026-05-08T05:29:54.251950+00:00,,"[{""title_code"": ""MGRM"", ""title"": ""MGRM"", ""type"": ""Person"", ""name"": ""SAMPLEY             CHARLES       P"", ""addr"": ""55 CANTON ROAD"", ""city"": ""LAKE WORTH"", ""state"": ""FL"", ""zip"": ""33467""}, {""title_code"": ""MGM"", ""title"": ""MGM"", ""type"": ""Person"", ""name"": ""SAMPLEY             MARISOL       I"", ""addr"": ""55 CANTON ROAD"", ""city"": ""LAKE WORTH"", ""state"": ""FL"", ""zip"": ""33467""}]",45-4952119,FLAL
person,Shaun Guske,,FL,FL,McDonald's,5,0,,,,,,,,,,,,,,,,,,,Shaun Guske,Shaun Guske,,,,2026-05-08T05:29:54.251950+00:00,,,,
person,Est Jean Mauri Rincon,,FL,FL,McDonald's,5,0,,,,,,,,,,,,,,,,,,,Est Jean Mauri Rincon,Est Jean Mauri Rincon,,,,2026-05-08T05:29:54.251950+00:00,,,,
person,Jared D Lehn,,FL,FL,McDonald's,5,0,,,,,,,,,,,,,,,,,,,Jared D Lehn,Jared D Lehn,,,,2026-05-08T05:29:54.251950+00:00,,,,
person,Bryan Alex Rodriguez,,FL,FL,McDonald's,5,0,,,,,,,,,,,,,,,,,,,Bryan Alex Rodriguez,Bryan Alex Rodriguez,,,,2026-05-08T05:29:54.251950+00:00,,,,
person,Adam Guske,,FL,FL,McDonald's,5,0,,,,,,,,,,,,,,,,,,,Adam Guske,Adam Guske,,,,2026-05-08T05:29:54.251950+00:00,,,,
person,Jesus Rodriguez,,FL,FL,McDonald's,5,1,JESUS RODRIGUEZ CORP. .,K13102,Inactive,DOMP,01/28/1988,Florida,"RODRIGUEZ, JESUS",Corporation,False,"13438 SW 59 TERRACE, MIAMI, FL 33183","13438 SW 59 TERRACE, MIAMI, FL 33183","13438 SW 59 TERRACE, MIAMI, FL 33183",,,True,,service_agent,False,Jesus Rodriguez,Jesus Rodriguez,1.000,50.00,"[{""name"": ""JESUS RODRIGUEZ INC"", ""num"": ""P13000044647"", ""status"": ""Inactive"", ""score"": 50.0}]",2026-05-08T05:29:54.251950+00:00,,"[{""title_code"": ""D"", ""title"": ""Director"", ""type"": ""Corporation"", ""name"": ""RODRIGUEZ, JESUS"", ""addr"": ""13438 SW 59 TERRACE"", ""city"": ""MIAMI"", ""state"": ""FL"", ""zip"": """"}]",000000000,DOMP
person,James M Gilchrist,,FL,FL,McDonald's,5,1,JAMES M LLC,L23000158574,Active,FLAL,03/29/2023,Florida,MOHAMAD             JAMES,Individual,True,"10 MAYFIELD WAY, BOYNTON BEACH, FL 33426","15084 LYONS RD, 500, DELRAY, FL 33446","15084 LYONS RD, 500, DELRAY, FL 33446",,,False,MOHAMAD             JAMES,owner_operator,False,james m,james m,0.667,166.67,"[{""name"": ""JAMES -M- INC"", ""num"": ""136031"", ""status"": ""Inactive"", ""score"": 16.67}, {""name"": ""JAMES M., L.L.C."", ""num"": ""L07000033932"", ""status"": ""Inactive"", ""score"": 16.67}]",2026-05-08T05:29:54.251950+00:00,,"[{""title_code"": ""MGR"", ""title"": ""MGR"", ""type"": ""Person"", ""name"": ""MOHAMAD             JAMES"", ""addr"": ""10 MAYFIELD WAY"", ""city"": ""BOYNTON BEACH"", ""state"": ""FL"", ""zip"": ""33426""}]",99-0906300,FLAL
company,"Jonbro, Inc.",,FL,FL,Pizza Hut,5,1,"JONBRO, INC.",F64205,Active,DOMP,01/22/1982,Florida,CORPORATION SERVICE COMPANY,Corporation,False,"1201 HAYS STREET, TALLAHASSEE, FL 323012525","9313 E 34TH STREET NORTH, #100, WICHITA, KS 67226","% JONBRO, INC, 9313 E 34TH STREET NORTH, SUITE #100, WICHITA, KS 67226",,,False,WIGGINS             DALE          E,owner_operator,False,"Jonbro, Inc.","Jonbro, Inc.",1.000,200.00,,2026-05-08T05:29:54.252958+00:00,,"[{""title_code"": ""DP"", ""title"": ""DP"", ""type"": ""Person"", ""name"": ""WIGGINS             DALE          E"", ""addr"": ""9313 E 34TH STREET NORTH, SUITE #100"", ""city"": ""WICHITA"", ""state"": ""KS"", ""zip"": ""67226""}, {""title_code"": ""DV"", ""title"": ""DV"", ""type"": ""Person"", ""name"": ""WALSH               WILLIAM       J"", ""addr"": ""9313 E 34TH STREET NORTH, SUITE #100"", ""city"": ""WICHITA"", ""state"": ""KS"", ""zip"": ""67226""}, {""title_code"": ""Trea"", ""title"": ""Trea"", ""type"": ""Person"", ""name"": ""SEIWERT             ALAN          E"", ""addr"": ""9313 E 34TH STREET NORTH, SUITE #100"", ""city"": ""WICHITA"", ""state"": ""KS"", ""zip"": ""67226""}, {""title_code"": ""DV"", ""title"": ""DV"", ""type"": ""Person"", ""name"": ""MILLER              KENNETH"", ""addr"": ""9313 E 34TH STREET NORTH, SUITE #100"", ""city"": ""WICHITA"", ""state"": ""KS"", ""zip"": ""67226""}, {""title_code"": ""Secr"", ""title"": ""Secr"", ""type"": ""Person"", ""name"": ""Smith               Darci"", ""addr"": ""9313 E 34TH STREET NORTH"", ""city"": ""WICHITA"", ""state"": ""KS"", ""zip"": ""67226""}, {""title_code"": ""Dire"", ""title"": ""Dire"", ""type"": ""Person"", ""name"": ""Karolick            H.            E"", ""addr"": ""% JONBRO, INC"", ""city"": ""WICHITA"", ""state"": ""KS"", ""zip"": ""67226""}]",592149774,DOMP
company,"The Jasz Group Ii, Inc.","Callahan Jasz, Inc. / Jr Jasz, Inc. / The Jasz Group Ii, Inc. / The Jasz Group, Inc. / Yulee Jasz, Inc.",FL,FL,Zaxby's,5,1,"THE JASZ GROUP II, INC.",P02000042916,Active,DOMP,04/19/2002,Florida,"Head, Moss, Fulton & Griffin, P.A.",Corporation,False,"1530 Business Center Drive, Fleming Island, FL 32003","6767 PHILIPS INDUSTRIAL BLVD, JACKSONVILLE, FL 32256","6767 Phillips Industrial Blvd., Jacksonville, FL 32256",,,False,Gosselin            Ronald,owner_operator,False,"The Jasz Group Ii, Inc.","The Jasz Group Ii, Inc.",1.000,200.00,"[{""name"": ""THE JASZ GROUP II, L.L.C."", ""num"": ""L02000009474"", ""status"": ""Inactive"", ""score"": 50.0}]",2026-05-08T05:29:54.252958+00:00,,"[{""title_code"": ""Pres"", ""title"": ""Pres"", ""type"": ""Person"", ""name"": ""Gosselin            Ronald"", ""addr"": ""6767 Philips Industrial Blvd"", ""city"": ""Jacksonville"", ""state"": ""FL"", ""zip"": ""32256""}, {""title_code"": ""VP"", ""title"": ""VP"", ""type"": ""Person"", ""name"": ""Gosselin            Jessica"", ""addr"": ""6767 Philips Industrial Blvd."", ""city"": ""Jacksonville"", ""state"": ""FL"", ""zip"": ""32256""}]",030439685,DOMP
company,"Zaxbax Suncoast, Llc",,FL,FL,Zaxby's,5,1,"ZAXBAX SUNCOAST, LLC",L22000170082,Active,FLAL,04/08/2022,Florida,JOINER              JUSTIN,Individual,True,"3838 NW 26th st, Gainesville, FL 32605","3101 SW 34TH AVE, #905-232, OCALA, FL 34474","3101 SW 34TH AVE, #905-232, OCALA, FL 34474",,,False,WHITE               JOHN,owner_operator,True,"Zaxbax Suncoast, Llc","Zaxbax Suncoast, Llc",1.000,200.00,,2026-05-08T05:29:54.253861+00:00,,"[{""title_code"": ""MGR"", ""title"": ""MGR"", ""type"": ""Person"", ""name"": ""WHITE               JOHN"", ""addr"": ""2287 NW 49TH AVE"", ""city"": ""GAINESVILLE"", ""state"": ""FL"", ""zip"": ""32605""}, {""title_code"": ""MGR"", ""title"": ""MGR"", ""type"": ""Person"", ""name"": ""JOINER              JUSTIN"", ""addr"": ""3838 NW 26th Street"", ""city"": ""Gainesville"", ""state"": ""FL"", ""zip"": ""32605""}, {""title_code"": ""MGR"", ""title"": ""MGR"", ""type"": ""Person"", ""name"": ""BAXLEY              ROBERT"", ""addr"": ""110 EAST COURT ST"", ""city"": ""GREENVILLE"", ""state"": ""SC"", ""zip"": ""29601""}]",881481928,FLAL
